-- Inserts into SiteMaster table
begin tran
INSERT INTO [REGFIELDTRIALS].[dbo].[SiteMaster] ([SiteName], [UpdateUserID]) VALUES ('Ashton, IL ','JASPAR')
INSERT INTO [REGFIELDTRIALS].[dbo].[SiteMaster] ([SiteName], [UpdateUserID]) VALUES ('Beaman, IA ','JASPAR')
INSERT INTO [REGFIELDTRIALS].[dbo].[SiteMaster] ([SiteName], [UpdateUserID]) VALUES ('Centralia, IL  ','JASPAR')
INSERT INTO [REGFIELDTRIALS].[dbo].[SiteMaster] ([SiteName], [UpdateUserID]) VALUES ('Clarion, IA ','JASPAR')
INSERT INTO [REGFIELDTRIALS].[dbo].[SiteMaster] ([SiteName], [UpdateUserID]) VALUES ('Fargo, ND ','JASPAR')
INSERT INTO [REGFIELDTRIALS].[dbo].[SiteMaster] ([SiteName], [UpdateUserID]) VALUES ('Marshall, MO ','JASPAR')
INSERT INTO [REGFIELDTRIALS].[dbo].[SiteMaster] ([SiteName], [UpdateUserID]) VALUES ('Mason City, IL ','JASPAR')
INSERT INTO [REGFIELDTRIALS].[dbo].[SiteMaster] ([SiteName], [UpdateUserID]) VALUES ('Matthews, MO ','JASPAR')
INSERT INTO [REGFIELDTRIALS].[dbo].[SiteMaster] ([SiteName], [UpdateUserID]) VALUES ('Redwood Falls, MN ','JASPAR')
INSERT INTO [REGFIELDTRIALS].[dbo].[SiteMaster] ([SiteName], [UpdateUserID]) VALUES ('Stonington, IL ','JASPAR')
INSERT INTO [REGFIELDTRIALS].[dbo].[SiteMaster] ([SiteName], [UpdateUserID]) VALUES ('Windfall, IN ','JASPAR')
INSERT INTO [REGFIELDTRIALS].[dbo].[SiteMaster] ([SiteName], [UpdateUserID]) VALUES ('Columbia, NC','JASPAR')
INSERT INTO [REGFIELDTRIALS].[dbo].[SiteMaster] ([SiteName], [UpdateUserID]) VALUES ('Mason City, IL PRE','JASPAR')
INSERT INTO [REGFIELDTRIALS].[dbo].[SiteMaster] ([SiteName], [UpdateUserID]) VALUES ('Matthews, MO PRE','JASPAR')
INSERT INTO [REGFIELDTRIALS].[dbo].[SiteMaster] ([SiteName], [UpdateUserID]) VALUES ('Redwood Falls, MN PRE','JASPAR')
INSERT INTO [REGFIELDTRIALS].[dbo].[SiteMaster] ([SiteName], [UpdateUserID]) VALUES ('Beaman, IA PRE','JASPAR')
INSERT INTO [REGFIELDTRIALS].[dbo].[SiteMaster] ([SiteName], [UpdateUserID]) VALUES ('REMINGTON - Greenville, OH','JASPAR')
INSERT INTO [REGFIELDTRIALS].[dbo].[SiteMaster] ([SiteName], [UpdateUserID]) VALUES ('REMINGTON - Flora, IN','JASPAR')
INSERT INTO [REGFIELDTRIALS].[dbo].[SiteMaster] ([SiteName], [UpdateUserID]) VALUES ('REMINGTON - Ridgway, IL','JASPAR')
INSERT INTO [REGFIELDTRIALS].[dbo].[SiteMaster] ([SiteName], [UpdateUserID]) VALUES ('REMINGTON - Lincoln, IL','JASPAR')
INSERT INTO [REGFIELDTRIALS].[dbo].[SiteMaster] ([SiteName], [UpdateUserID]) VALUES ('REMINGTON - Geneseo, IL','JASPAR')
INSERT INTO [REGFIELDTRIALS].[dbo].[SiteMaster] ([SiteName], [UpdateUserID]) VALUES ('REMINGTON - Dike, IA','JASPAR')
INSERT INTO [REGFIELDTRIALS].[dbo].[SiteMaster] ([SiteName], [UpdateUserID]) VALUES ('REMINGTON - Harlan, IA','JASPAR')
INSERT INTO [REGFIELDTRIALS].[dbo].[SiteMaster] ([SiteName], [UpdateUserID]) VALUES ('REMINGTON - Olivia, MN','JASPAR')
INSERT INTO [REGFIELDTRIALS].[dbo].[SiteMaster] ([SiteName], [UpdateUserID]) VALUES ('REMINGTON - Mapleton, ND','JASPAR')
INSERT INTO [REGFIELDTRIALS].[dbo].[SiteMaster] ([SiteName], [UpdateUserID]) VALUES ('CORN STATES - Jonesboro, AR','JASPAR')
INSERT INTO [REGFIELDTRIALS].[dbo].[SiteMaster] ([SiteName], [UpdateUserID]) VALUES ('CORN STATES - Wynne, AR','JASPAR')
INSERT INTO [REGFIELDTRIALS].[dbo].[SiteMaster] ([SiteName], [UpdateUserID]) VALUES ('CORN STATES - Columbia, NC','JASPAR')
INSERT INTO [REGFIELDTRIALS].[dbo].[SiteMaster] ([SiteName], [UpdateUserID]) VALUES ('CORN STATES - Sun Prairie, WI','JASPAR')
INSERT INTO [REGFIELDTRIALS].[dbo].[SiteMaster] ([SiteName], [UpdateUserID]) VALUES ('CORN STATES - Harwood, ND','JASPAR')
INSERT INTO [REGFIELDTRIALS].[dbo].[SiteMaster] ([SiteName], [UpdateUserID]) VALUES ('CORN STATES - De Smet, SD','JASPAR')
INSERT INTO [REGFIELDTRIALS].[dbo].[SiteMaster] ([SiteName], [UpdateUserID]) VALUES ('CORN STATES - Madison, SD','JASPAR')
INSERT INTO [REGFIELDTRIALS].[dbo].[SiteMaster] ([SiteName], [UpdateUserID]) VALUES ('CORN STATES - Baltic, SD','JASPAR')

--[TraitMaster]
INSERT INTO [REGFIELDTRIALS].[dbo].[TraitMaster] ([TraitName],[UpdateUserID]) VALUES('Roundup Ready 2 Xtend','JASPAR')
INSERT INTO [REGFIELDTRIALS].[dbo].[TraitMaster] ([TraitName],[UpdateUserID]) VALUES('Vistive Gold','JASPAR')

--User
INSERT INTO [REGFIELDTRIALS].[dbo].[User] ([UserType_ID],[FName],[LName],[Email],[OfficeNumber],[CellNumber],[SiteLocation],[Internal],[UpdateUserID],[UserAlias]) VALUES (4,'Michelle','Higgins','MRHIGG@monsanto.com','','','Marshall, MO',1,'JASPAR','MRHIGG')
INSERT INTO [REGFIELDTRIALS].[dbo].[User] ([UserType_ID],[FName],[LName],[Email],[OfficeNumber],[CellNumber],[SiteLocation],[Internal],[UpdateUserID],[UserAlias]) VALUES (4,'Cathy','Buenzow','cjbuenz@monsanto.com','','','Beaman, IA',1,'JASPAR','CJBUENZ')
INSERT INTO [REGFIELDTRIALS].[dbo].[User] ([UserType_ID],[FName],[LName],[Email],[OfficeNumber],[CellNumber],[SiteLocation],[Internal],[UpdateUserID],[UserAlias]) VALUES (4,'Jim','Hagar','JEHAGA@monsanto.com','','','Marshall, MO',1,'JASPAR','JEHAGA')
INSERT INTO [REGFIELDTRIALS].[dbo].[User] ([UserType_ID],[FName],[LName],[Email],[OfficeNumber],[CellNumber],[SiteLocation],[Internal],[UpdateUserID],[UserAlias]) VALUES (4,'Troy','Wieging','TMWIEG@monsanto.com','','','Matthews, MO',1,'JASPAR','TMWIEG')
INSERT INTO [REGFIELDTRIALS].[dbo].[User] ([UserType_ID],[FName],[LName],[Email],[OfficeNumber],[CellNumber],[SiteLocation],[Internal],[UpdateUserID],[UserAlias]) VALUES (4,'Anu','Raman','ASRAMA@monsanto.com','','','Ashton, IL',1,'JASPAR','ASRAMA')
INSERT INTO [REGFIELDTRIALS].[dbo].[User] ([UserType_ID],[FName],[LName],[Email],[OfficeNumber],[CellNumber],[SiteLocation],[Internal],[UpdateUserID],[UserAlias]) VALUES (4,'Christine','Rands','CYHULL@monsanto.com','','','Ashton, IL',1,'JASPAR','CYHULL')
INSERT INTO [REGFIELDTRIALS].[dbo].[User] ([UserType_ID],[FName],[LName],[Email],[OfficeNumber],[CellNumber],[SiteLocation],[Internal],[UpdateUserID],[UserAlias]) VALUES (4,'Jennifer','Rashet','JTRASHE@monsanto.com','','','Stonington, IL',1,'JASPAR','JTRASHE')
INSERT INTO [REGFIELDTRIALS].[dbo].[User] ([UserType_ID],[FName],[LName],[Email],[OfficeNumber],[CellNumber],[SiteLocation],[Internal],[UpdateUserID],[UserAlias]) VALUES (4,'Pawan','Manocha','PKMANOC@monsanto.com','','','Stonington, IL',1,'JASPAR','PKMANOC')
INSERT INTO [REGFIELDTRIALS].[dbo].[User] ([UserType_ID],[FName],[LName],[Email],[OfficeNumber],[CellNumber],[SiteLocation],[Internal],[UpdateUserID],[UserAlias]) VALUES (4,'Wilson','Rivera','WRIVER1@monsanto.com','','','Redwood Falls, MN',1,'JASPAR','WRIVER1')
INSERT INTO [REGFIELDTRIALS].[dbo].[User] ([UserType_ID],[FName],[LName],[Email],[OfficeNumber],[CellNumber],[SiteLocation],[Internal],[UpdateUserID],[UserAlias]) VALUES (1,'Tracy','House','TTHOUS@monsanto.com','','','Redwood Falls, MN',1,'JASPAR','TTHOUS')
INSERT INTO [REGFIELDTRIALS].[dbo].[User] ([UserType_ID],[FName],[LName],[Email],[OfficeNumber],[CellNumber],[SiteLocation],[Internal],[UpdateUserID],[UserAlias]) VALUES (1,'Tyler','Reiner','TTREIN@monsanto.com','','','Fargo, ND',1,'JASPAR','TTREIN')
INSERT INTO [REGFIELDTRIALS].[dbo].[User] ([UserType_ID],[FName],[LName],[Email],[OfficeNumber],[CellNumber],[SiteLocation],[Internal],[UpdateUserID],[UserAlias]) VALUES (3,'Travis','Williamson','TJWILL1@monsanto.com','','','Centralia, IL',1,'JASPAR','TJWILL1')
commit tran


--TrialCatalog
-- insert/updates written by gio on 3/3/2015
--Spreadsheet				DEV   TEST
--1: Barry martin			2		2
--15: Travis Williamson	27      20

BEGIN TRAN
 IF NOT EXISTS(select tc.Trait_ID from TrialCatalog tc where tc.Trial_ID= 52255402)   INSERT INTO [REGFIELDTRIALS].[dbo].[TrialCatalog] ([Trial_ID],[IRPUser_ID],[SRRLeadUser_ID],[Crop_ID],[Trait_ID],[Site_ID],[TrialYear],[ComplianceStatus],[Name],[Internal],[FarmName],[City],[County],[State],[Zip],[UpdateDateTime],[UpdateUserID],[Archive]) VALUES (52255402,2,2,1,1,2,2015,'Stewarded','COUSER CUSTOM ESTER',1,'COUSER CUSTOM ESTER','NEVADA','STORY','IA','50201',GETDATE(), 'JASPAR',0) ELSE  UPDATE [dbo].[TrialCatalog] SET  [IRPUser_ID] = 2, [SRRLeadUser_ID] = 2, [Crop_ID] = 1, [Trait_ID] = 1, [Site_ID] = 2, [TrialYear] =2015, [ComplianceStatus] = 'Stewarded',[Name] = 'COUSER CUSTOM ESTER',[Internal] =1,[FarmName] = 'COUSER CUSTOM ESTER',[City] = 'NEVADA',[State] = 'STORY',[Zip] = 'IA',[County] = '50201',[UpdateDateTime]=GETDATE(),[UpdateUserID] = 'JASPAR' WHERE [Trial_ID] = 52255402
 IF NOT EXISTS(select tc.Trait_ID from TrialCatalog tc where tc.Trial_ID= 52255408)   INSERT INTO [REGFIELDTRIALS].[dbo].[TrialCatalog] ([Trial_ID],[IRPUser_ID],[SRRLeadUser_ID],[Crop_ID],[Trait_ID],[Site_ID],[TrialYear],[ComplianceStatus],[Name],[Internal],[FarmName],[City],[County],[State],[Zip],[UpdateDateTime],[UpdateUserID],[Archive]) VALUES (52255408,2,2,1,2,2,2015,'Stewarded','COUSER CUSTOM CHUCKS',1,'COUSER CUSTOM CHUCKS','NEVADA','Story','IA','50201',GETDATE(), 'JASPAR',0) ELSE  UPDATE [dbo].[TrialCatalog] SET  [IRPUser_ID] = 2, [SRRLeadUser_ID] = 2, [Crop_ID] = 1, [Trait_ID] = 2, [Site_ID] = 2, [TrialYear] =2015, [ComplianceStatus] = 'Stewarded',[Name] = 'COUSER CUSTOM CHUCKS',[Internal] =1,[FarmName] = 'COUSER CUSTOM CHUCKS',[City] = 'NEVADA',[State] = 'Story',[Zip] = 'IA',[County] = '50201',[UpdateDateTime]=GETDATE(),[UpdateUserID] = 'JASPAR' WHERE [Trial_ID] = 52255408
 IF NOT EXISTS(select tc.Trait_ID from TrialCatalog tc where tc.Trial_ID= 52255414)   INSERT INTO [REGFIELDTRIALS].[dbo].[TrialCatalog] ([Trial_ID],[IRPUser_ID],[SRRLeadUser_ID],[Crop_ID],[Trait_ID],[Site_ID],[TrialYear],[ComplianceStatus],[Name],[Internal],[FarmName],[City],[County],[State],[Zip],[UpdateDateTime],[UpdateUserID],[Archive]) VALUES (52255414,2,2,1,1,2,2015,'Stewarded','BILL FRAZIER DIETRICK',1,'BILL FRAZIER DIETRICK','VAN HORNE','Benton','IA','52346',GETDATE(), 'JASPAR',0) ELSE  UPDATE [dbo].[TrialCatalog] SET  [IRPUser_ID] = 2, [SRRLeadUser_ID] = 2, [Crop_ID] = 1, [Trait_ID] = 1, [Site_ID] = 2, [TrialYear] =2015, [ComplianceStatus] = 'Stewarded',[Name] = 'BILL FRAZIER DIETRICK',[Internal] =1,[FarmName] = 'BILL FRAZIER DIETRICK',[City] = 'VAN HORNE',[State] = 'Benton',[Zip] = 'IA',[County] = '52346',[UpdateDateTime]=GETDATE(),[UpdateUserID] = 'JASPAR' WHERE [Trial_ID] = 52255414
 IF NOT EXISTS(select tc.Trait_ID from TrialCatalog tc where tc.Trial_ID= 52255421)   INSERT INTO [REGFIELDTRIALS].[dbo].[TrialCatalog] ([Trial_ID],[IRPUser_ID],[SRRLeadUser_ID],[Crop_ID],[Trait_ID],[Site_ID],[TrialYear],[ComplianceStatus],[Name],[Internal],[FarmName],[City],[County],[State],[Zip],[UpdateDateTime],[UpdateUserID],[Archive]) VALUES (52255421,2,2,1,2,2,2015,'Stewarded','BILL FRAZIER LAURAS',1,'BILL FRAZIER LAURAS','VAN HORNE','Benton','IA','52346',GETDATE(), 'JASPAR',0) ELSE  UPDATE [dbo].[TrialCatalog] SET  [IRPUser_ID] = 2, [SRRLeadUser_ID] = 2, [Crop_ID] = 1, [Trait_ID] = 2, [Site_ID] = 2, [TrialYear] =2015, [ComplianceStatus] = 'Stewarded',[Name] = 'BILL FRAZIER LAURAS',[Internal] =1,[FarmName] = 'BILL FRAZIER LAURAS',[City] = 'VAN HORNE',[State] = 'Benton',[Zip] = 'IA',[County] = '52346',[UpdateDateTime]=GETDATE(),[UpdateUserID] = 'JASPAR' WHERE [Trial_ID] = 52255421
 IF NOT EXISTS(select tc.Trait_ID from TrialCatalog tc where tc.Trial_ID= 52255427)   INSERT INTO [REGFIELDTRIALS].[dbo].[TrialCatalog] ([Trial_ID],[IRPUser_ID],[SRRLeadUser_ID],[Crop_ID],[Trait_ID],[Site_ID],[TrialYear],[ComplianceStatus],[Name],[Internal],[FarmName],[City],[County],[State],[Zip],[UpdateDateTime],[UpdateUserID],[Archive]) VALUES (52255427,2,2,1,1,2,2015,'Stewarded','BILL FRAZIER TAYLORS 40',1,'BILL FRAZIER TAYLORS 40','VAN HORNE','Benton','IA','52346',GETDATE(), 'JASPAR',0) ELSE  UPDATE [dbo].[TrialCatalog] SET  [IRPUser_ID] = 2, [SRRLeadUser_ID] = 2, [Crop_ID] = 1, [Trait_ID] = 1, [Site_ID] = 2, [TrialYear] =2015, [ComplianceStatus] = 'Stewarded',[Name] = 'BILL FRAZIER TAYLORS 40',[Internal] =1,[FarmName] = 'BILL FRAZIER TAYLORS 40',[City] = 'VAN HORNE',[State] = 'Benton',[Zip] = 'IA',[County] = '52346',[UpdateDateTime]=GETDATE(),[UpdateUserID] = 'JASPAR' WHERE [Trial_ID] = 52255427
 IF NOT EXISTS(select tc.Trait_ID from TrialCatalog tc where tc.Trial_ID= 52250120)   INSERT INTO [REGFIELDTRIALS].[dbo].[TrialCatalog] ([Trial_ID],[IRPUser_ID],[SRRLeadUser_ID],[Crop_ID],[Trait_ID],[Site_ID],[TrialYear],[ComplianceStatus],[Name],[Internal],[FarmName],[City],[County],[State],[Zip],[UpdateDateTime],[UpdateUserID],[Archive]) VALUES (52250120,2,2,1,2,12,2015,'Stewarded','BRIAN STALLINGS - NEWLANDS',0,'BRIAN STALLINGS - NEWLANDS','ELIZABETH CITY','Pasquotank','NC','27909',GETDATE(), 'JASPAR',0) ELSE  UPDATE [dbo].[TrialCatalog] SET  [IRPUser_ID] = 2, [SRRLeadUser_ID] = 2, [Crop_ID] = 1, [Trait_ID] = 2, [Site_ID] = 12, [TrialYear] =2015, [ComplianceStatus] = 'Stewarded',[Name] = 'BRIAN STALLINGS - NEWLANDS',[Internal] =0,[FarmName] = 'BRIAN STALLINGS - NEWLANDS',[City] = 'ELIZABETH CITY',[State] = 'Pasquotank',[Zip] = 'NC',[County] = '27909',[UpdateDateTime]=GETDATE(),[UpdateUserID] = 'JASPAR' WHERE [Trial_ID] = 52250120
 IF NOT EXISTS(select tc.Trait_ID from TrialCatalog tc where tc.Trial_ID= 52250205)   INSERT INTO [REGFIELDTRIALS].[dbo].[TrialCatalog] ([Trial_ID],[IRPUser_ID],[SRRLeadUser_ID],[Crop_ID],[Trait_ID],[Site_ID],[TrialYear],[ComplianceStatus],[Name],[Internal],[FarmName],[City],[County],[State],[Zip],[UpdateDateTime],[UpdateUserID],[Archive]) VALUES (52250205,2,2,1,1,12,2015,'Stewarded','JEREMY JAMES - MAGNOLIA CROSS',0,'JEREMY JAMES - MAGNOLIA CROSS','COLUMBIA','Tyrrell','NC','27925',GETDATE(), 'JASPAR',0) ELSE  UPDATE [dbo].[TrialCatalog] SET  [IRPUser_ID] = 2, [SRRLeadUser_ID] = 2, [Crop_ID] = 1, [Trait_ID] = 1, [Site_ID] = 12, [TrialYear] =2015, [ComplianceStatus] = 'Stewarded',[Name] = 'JEREMY JAMES - MAGNOLIA CROSS',[Internal] =0,[FarmName] = 'JEREMY JAMES - MAGNOLIA CROSS',[City] = 'COLUMBIA',[State] = 'Tyrrell',[Zip] = 'NC',[County] = '27925',[UpdateDateTime]=GETDATE(),[UpdateUserID] = 'JASPAR' WHERE [Trial_ID] = 52250205
 IF NOT EXISTS(select tc.Trait_ID from TrialCatalog tc where tc.Trial_ID= 52250232)   INSERT INTO [REGFIELDTRIALS].[dbo].[TrialCatalog] ([Trial_ID],[IRPUser_ID],[SRRLeadUser_ID],[Crop_ID],[Trait_ID],[Site_ID],[TrialYear],[ComplianceStatus],[Name],[Internal],[FarmName],[City],[County],[State],[Zip],[UpdateDateTime],[UpdateUserID],[Archive]) VALUES (52250232,2,2,1,2,12,2015,'Stewarded','MITCH CORBIN - FRYING PAN',0,'MITCH CORBIN - FRYING PAN','COLUMBIA','Tyrrell','NC','27925',GETDATE(), 'JASPAR',0) ELSE  UPDATE [dbo].[TrialCatalog] SET  [IRPUser_ID] = 2, [SRRLeadUser_ID] = 2, [Crop_ID] = 1, [Trait_ID] = 2, [Site_ID] = 12, [TrialYear] =2015, [ComplianceStatus] = 'Stewarded',[Name] = 'MITCH CORBIN - FRYING PAN',[Internal] =0,[FarmName] = 'MITCH CORBIN - FRYING PAN',[City] = 'COLUMBIA',[State] = 'Tyrrell',[Zip] = 'NC',[County] = '27925',[UpdateDateTime]=GETDATE(),[UpdateUserID] = 'JASPAR' WHERE [Trial_ID] = 52250232
 IF NOT EXISTS(select tc.Trait_ID from TrialCatalog tc where tc.Trial_ID= 52250250)   INSERT INTO [REGFIELDTRIALS].[dbo].[TrialCatalog] ([Trial_ID],[IRPUser_ID],[SRRLeadUser_ID],[Crop_ID],[Trait_ID],[Site_ID],[TrialYear],[ComplianceStatus],[Name],[Internal],[FarmName],[City],[County],[State],[Zip],[UpdateDateTime],[UpdateUserID],[Archive]) VALUES (52250250,2,2,1,1,12,2015,'Stewarded','BRIAN STALLINGS - LYNCHS CORNER',0,'BRIAN STALLINGS - LYNCHS CORNER','ELIZABETH CITY','Pasquotank','NC','27909',GETDATE(), 'JASPAR',0) ELSE  UPDATE [dbo].[TrialCatalog] SET  [IRPUser_ID] = 2, [SRRLeadUser_ID] = 2, [Crop_ID] = 1, [Trait_ID] = 1, [Site_ID] = 12, [TrialYear] =2015, [ComplianceStatus] = 'Stewarded',[Name] = 'BRIAN STALLINGS - LYNCHS CORNER',[Internal] =0,[FarmName] = 'BRIAN STALLINGS - LYNCHS CORNER',[City] = 'ELIZABETH CITY',[State] = 'Pasquotank',[Zip] = 'NC',[County] = '27909',[UpdateDateTime]=GETDATE(),[UpdateUserID] = 'JASPAR' WHERE [Trial_ID] = 52250250
 IF NOT EXISTS(select tc.Trait_ID from TrialCatalog tc where tc.Trial_ID= 52250256)   INSERT INTO [REGFIELDTRIALS].[dbo].[TrialCatalog] ([Trial_ID],[IRPUser_ID],[SRRLeadUser_ID],[Crop_ID],[Trait_ID],[Site_ID],[TrialYear],[ComplianceStatus],[Name],[Internal],[FarmName],[City],[County],[State],[Zip],[UpdateDateTime],[UpdateUserID],[Archive]) VALUES (52250256,2,2,1,2,12,2015,'Stewarded','CHERRY BATEMAN - CHINKAPIN',0,'CHERRY BATEMAN - CHINKAPIN','COLUMBIA','Tyrrell','NC','27925',GETDATE(), 'JASPAR',0) ELSE  UPDATE [dbo].[TrialCatalog] SET  [IRPUser_ID] = 2, [SRRLeadUser_ID] = 2, [Crop_ID] = 1, [Trait_ID] = 2, [Site_ID] = 12, [TrialYear] =2015, [ComplianceStatus] = 'Stewarded',[Name] = 'CHERRY BATEMAN - CHINKAPIN',[Internal] =0,[FarmName] = 'CHERRY BATEMAN - CHINKAPIN',[City] = 'COLUMBIA',[State] = 'Tyrrell',[Zip] = 'NC',[County] = '27925',[UpdateDateTime]=GETDATE(),[UpdateUserID] = 'JASPAR' WHERE [Trial_ID] = 52250256
 IF NOT EXISTS(select tc.Trait_ID from TrialCatalog tc where tc.Trial_ID= 52250076)   INSERT INTO [REGFIELDTRIALS].[dbo].[TrialCatalog] ([Trial_ID],[IRPUser_ID],[SRRLeadUser_ID],[Crop_ID],[Trait_ID],[Site_ID],[TrialYear],[ComplianceStatus],[Name],[Internal],[FarmName],[City],[County],[State],[Zip],[UpdateDateTime],[UpdateUserID],[Archive]) VALUES (52250076,2,2,1,1,8,2015,'Stewarded','JENNINGS NORTH FLDS',1,'JENNINGS NORTH FLDS','SIKESTON','New Madrid','MO','63801',GETDATE(), 'JASPAR',0) ELSE  UPDATE [dbo].[TrialCatalog] SET  [IRPUser_ID] = 2, [SRRLeadUser_ID] = 2, [Crop_ID] = 1, [Trait_ID] = 1, [Site_ID] = 8, [TrialYear] =2015, [ComplianceStatus] = 'Stewarded',[Name] = 'JENNINGS NORTH FLDS',[Internal] =1,[FarmName] = 'JENNINGS NORTH FLDS',[City] = 'SIKESTON',[State] = 'New Madrid',[Zip] = 'MO',[County] = '63801',[UpdateDateTime]=GETDATE(),[UpdateUserID] = 'JASPAR' WHERE [Trial_ID] = 52250076
 IF NOT EXISTS(select tc.Trait_ID from TrialCatalog tc where tc.Trial_ID= 52250081)   INSERT INTO [REGFIELDTRIALS].[dbo].[TrialCatalog] ([Trial_ID],[IRPUser_ID],[SRRLeadUser_ID],[Crop_ID],[Trait_ID],[Site_ID],[TrialYear],[ComplianceStatus],[Name],[Internal],[FarmName],[City],[County],[State],[Zip],[UpdateDateTime],[UpdateUserID],[Archive]) VALUES (52250081,2,2,1,2,8,2015,'Stewarded','HEQUEMBOURG WHITING FLD',1,'HEQUEMBOURG WHITING FLD','EAST PRAIRIE','Mississippi','MO','63845',GETDATE(), 'JASPAR',0) ELSE  UPDATE [dbo].[TrialCatalog] SET  [IRPUser_ID] = 2, [SRRLeadUser_ID] = 2, [Crop_ID] = 1, [Trait_ID] = 2, [Site_ID] = 8, [TrialYear] =2015, [ComplianceStatus] = 'Stewarded',[Name] = 'HEQUEMBOURG WHITING FLD',[Internal] =1,[FarmName] = 'HEQUEMBOURG WHITING FLD',[City] = 'EAST PRAIRIE',[State] = 'Mississippi',[Zip] = 'MO',[County] = '63845',[UpdateDateTime]=GETDATE(),[UpdateUserID] = 'JASPAR' WHERE [Trial_ID] = 52250081
 IF NOT EXISTS(select tc.Trait_ID from TrialCatalog tc where tc.Trial_ID= 52250087)   INSERT INTO [REGFIELDTRIALS].[dbo].[TrialCatalog] ([Trial_ID],[IRPUser_ID],[SRRLeadUser_ID],[Crop_ID],[Trait_ID],[Site_ID],[TrialYear],[ComplianceStatus],[Name],[Internal],[FarmName],[City],[County],[State],[Zip],[UpdateDateTime],[UpdateUserID],[Archive]) VALUES (52250087,2,2,1,1,8,2015,'Stewarded','D/T YOUNG BIG BOY SLAUGHTER FLDS',1,'D/T YOUNG BIG BOY SLAUGHTER FLDS','BERNIE','Stoddard','MO','63822',GETDATE(), 'JASPAR',0) ELSE  UPDATE [dbo].[TrialCatalog] SET  [IRPUser_ID] = 2, [SRRLeadUser_ID] = 2, [Crop_ID] = 1, [Trait_ID] = 1, [Site_ID] = 8, [TrialYear] =2015, [ComplianceStatus] = 'Stewarded',[Name] = 'D/T YOUNG BIG BOY SLAUGHTER FLDS',[Internal] =1,[FarmName] = 'D/T YOUNG BIG BOY SLAUGHTER FLDS',[City] = 'BERNIE',[State] = 'Stoddard',[Zip] = 'MO',[County] = '63822',[UpdateDateTime]=GETDATE(),[UpdateUserID] = 'JASPAR' WHERE [Trial_ID] = 52250087
 IF NOT EXISTS(select tc.Trait_ID from TrialCatalog tc where tc.Trial_ID= 52250093)   INSERT INTO [REGFIELDTRIALS].[dbo].[TrialCatalog] ([Trial_ID],[IRPUser_ID],[SRRLeadUser_ID],[Crop_ID],[Trait_ID],[Site_ID],[TrialYear],[ComplianceStatus],[Name],[Internal],[FarmName],[City],[County],[State],[Zip],[UpdateDateTime],[UpdateUserID],[Archive]) VALUES (52250093,2,2,1,2,8,2015,'Stewarded','RILEY FARMS BARTON EAST FLDS',1,'RILEY FARMS BARTON EAST FLDS','CATRON','New Madrid','MO','63833',GETDATE(), 'JASPAR',0) ELSE  UPDATE [dbo].[TrialCatalog] SET  [IRPUser_ID] = 2, [SRRLeadUser_ID] = 2, [Crop_ID] = 1, [Trait_ID] = 2, [Site_ID] = 8, [TrialYear] =2015, [ComplianceStatus] = 'Stewarded',[Name] = 'RILEY FARMS BARTON EAST FLDS',[Internal] =1,[FarmName] = 'RILEY FARMS BARTON EAST FLDS',[City] = 'CATRON',[State] = 'New Madrid',[Zip] = 'MO',[County] = '63833',[UpdateDateTime]=GETDATE(),[UpdateUserID] = 'JASPAR' WHERE [Trial_ID] = 52250093
 IF NOT EXISTS(select tc.Trait_ID from TrialCatalog tc where tc.Trial_ID= 52250106)   INSERT INTO [REGFIELDTRIALS].[dbo].[TrialCatalog] ([Trial_ID],[IRPUser_ID],[SRRLeadUser_ID],[Crop_ID],[Trait_ID],[Site_ID],[TrialYear],[ComplianceStatus],[Name],[Internal],[FarmName],[City],[County],[State],[Zip],[UpdateDateTime],[UpdateUserID],[Archive]) VALUES (52250106,2,2,1,1,8,2015,'Stewarded','D/T YOUNG QUINN FLDS',1,'D/T YOUNG QUINN FLDS','BERNIE','Stoddard','MO','63822',GETDATE(), 'JASPAR',0) ELSE  UPDATE [dbo].[TrialCatalog] SET  [IRPUser_ID] = 2, [SRRLeadUser_ID] = 2, [Crop_ID] = 1, [Trait_ID] = 1, [Site_ID] = 8, [TrialYear] =2015, [ComplianceStatus] = 'Stewarded',[Name] = 'D/T YOUNG QUINN FLDS',[Internal] =1,[FarmName] = 'D/T YOUNG QUINN FLDS',[City] = 'BERNIE',[State] = 'Stoddard',[Zip] = 'MO',[County] = '63822',[UpdateDateTime]=GETDATE(),[UpdateUserID] = 'JASPAR' WHERE [Trial_ID] = 52250106
 IF NOT EXISTS(select tc.Trait_ID from TrialCatalog tc where tc.Trial_ID= 52250112)   INSERT INTO [REGFIELDTRIALS].[dbo].[TrialCatalog] ([Trial_ID],[IRPUser_ID],[SRRLeadUser_ID],[Crop_ID],[Trait_ID],[Site_ID],[TrialYear],[ComplianceStatus],[Name],[Internal],[FarmName],[City],[County],[State],[Zip],[UpdateDateTime],[UpdateUserID],[Archive]) VALUES (52250112,2,2,1,2,8,2015,'Stewarded','D/T YOUNG BUCHANAN FLDS',1,'D/T YOUNG BUCHANAN FLDS','GIDEON','New Madrid','MO','63848',GETDATE(), 'JASPAR',0) ELSE  UPDATE [dbo].[TrialCatalog] SET  [IRPUser_ID] = 2, [SRRLeadUser_ID] = 2, [Crop_ID] = 1, [Trait_ID] = 2, [Site_ID] = 8, [TrialYear] =2015, [ComplianceStatus] = 'Stewarded',[Name] = 'D/T YOUNG BUCHANAN FLDS',[Internal] =1,[FarmName] = 'D/T YOUNG BUCHANAN FLDS',[City] = 'GIDEON',[State] = 'New Madrid',[Zip] = 'MO',[County] = '63848',[UpdateDateTime]=GETDATE(),[UpdateUserID] = 'JASPAR' WHERE [Trial_ID] = 52250112
 IF NOT EXISTS(select tc.Trait_ID from TrialCatalog tc where tc.Trial_ID= 52250118)   INSERT INTO [REGFIELDTRIALS].[dbo].[TrialCatalog] ([Trial_ID],[IRPUser_ID],[SRRLeadUser_ID],[Crop_ID],[Trait_ID],[Site_ID],[TrialYear],[ComplianceStatus],[Name],[Internal],[FarmName],[City],[County],[State],[Zip],[UpdateDateTime],[UpdateUserID],[Archive]) VALUES (52250118,2,2,1,1,8,2015,'Stewarded','RILEY FARMS LILBOURN FLD',1,'RILEY FARMS LILBOURN FLD','LILBOURN ','New Madrid','MO','63862',GETDATE(), 'JASPAR',0) ELSE  UPDATE [dbo].[TrialCatalog] SET  [IRPUser_ID] = 2, [SRRLeadUser_ID] = 2, [Crop_ID] = 1, [Trait_ID] = 1, [Site_ID] = 8, [TrialYear] =2015, [ComplianceStatus] = 'Stewarded',[Name] = 'RILEY FARMS LILBOURN FLD',[Internal] =1,[FarmName] = 'RILEY FARMS LILBOURN FLD',[City] = 'LILBOURN ',[State] = 'New Madrid',[Zip] = 'MO',[County] = '63862',[UpdateDateTime]=GETDATE(),[UpdateUserID] = 'JASPAR' WHERE [Trial_ID] = 52250118
 IF NOT EXISTS(select tc.Trait_ID from TrialCatalog tc where tc.Trial_ID= 52253066)   INSERT INTO [REGFIELDTRIALS].[dbo].[TrialCatalog] ([Trial_ID],[IRPUser_ID],[SRRLeadUser_ID],[Crop_ID],[Trait_ID],[Site_ID],[TrialYear],[ComplianceStatus],[Name],[Internal],[FarmName],[City],[County],[State],[Zip],[UpdateDateTime],[UpdateUserID],[Archive]) VALUES (52253066,2,2,1,2,11,2015,'Stewarded','D/D FARMS INC. - DAN STOLLER',1,'D/D FARMS INC. - DAN STOLLER','KENTLAND','BENTON','IN','47942',GETDATE(), 'JASPAR',0) ELSE  UPDATE [dbo].[TrialCatalog] SET  [IRPUser_ID] = 2, [SRRLeadUser_ID] = 2, [Crop_ID] = 1, [Trait_ID] = 2, [Site_ID] = 11, [TrialYear] =2015, [ComplianceStatus] = 'Stewarded',[Name] = 'D/D FARMS INC. - DAN STOLLER',[Internal] =1,[FarmName] = 'D/D FARMS INC. - DAN STOLLER',[City] = 'KENTLAND',[State] = 'BENTON',[Zip] = 'IN',[County] = '47942',[UpdateDateTime]=GETDATE(),[UpdateUserID] = 'JASPAR' WHERE [Trial_ID] = 52253066
 IF NOT EXISTS(select tc.Trait_ID from TrialCatalog tc where tc.Trial_ID= 52253072)   INSERT INTO [REGFIELDTRIALS].[dbo].[TrialCatalog] ([Trial_ID],[IRPUser_ID],[SRRLeadUser_ID],[Crop_ID],[Trait_ID],[Site_ID],[TrialYear],[ComplianceStatus],[Name],[Internal],[FarmName],[City],[County],[State],[Zip],[UpdateDateTime],[UpdateUserID],[Archive]) VALUES (52253072,2,2,1,1,11,2015,'Stewarded','BRIAN RENBARGER',1,'BRIAN RENBARGER','GREENTOWN','HOWARD','IN','46936',GETDATE(), 'JASPAR',0) ELSE  UPDATE [dbo].[TrialCatalog] SET  [IRPUser_ID] = 2, [SRRLeadUser_ID] = 2, [Crop_ID] = 1, [Trait_ID] = 1, [Site_ID] = 11, [TrialYear] =2015, [ComplianceStatus] = 'Stewarded',[Name] = 'BRIAN RENBARGER',[Internal] =1,[FarmName] = 'BRIAN RENBARGER',[City] = 'GREENTOWN',[State] = 'HOWARD',[Zip] = 'IN',[County] = '46936',[UpdateDateTime]=GETDATE(),[UpdateUserID] = 'JASPAR' WHERE [Trial_ID] = 52253072
 IF NOT EXISTS(select tc.Trait_ID from TrialCatalog tc where tc.Trial_ID= 52253078)   INSERT INTO [REGFIELDTRIALS].[dbo].[TrialCatalog] ([Trial_ID],[IRPUser_ID],[SRRLeadUser_ID],[Crop_ID],[Trait_ID],[Site_ID],[TrialYear],[ComplianceStatus],[Name],[Internal],[FarmName],[City],[County],[State],[Zip],[UpdateDateTime],[UpdateUserID],[Archive]) VALUES (52253078,2,2,1,2,11,2015,'Stewarded','BRIAN RENBARGER',1,'BRIAN RENBARGER','GREENTOWN','HOWARD','IN','46936',GETDATE(), 'JASPAR',0) ELSE  UPDATE [dbo].[TrialCatalog] SET  [IRPUser_ID] = 2, [SRRLeadUser_ID] = 2, [Crop_ID] = 1, [Trait_ID] = 2, [Site_ID] = 11, [TrialYear] =2015, [ComplianceStatus] = 'Stewarded',[Name] = 'BRIAN RENBARGER',[Internal] =1,[FarmName] = 'BRIAN RENBARGER',[City] = 'GREENTOWN',[State] = 'HOWARD',[Zip] = 'IN',[County] = '46936',[UpdateDateTime]=GETDATE(),[UpdateUserID] = 'JASPAR' WHERE [Trial_ID] = 52253078
 IF NOT EXISTS(select tc.Trait_ID from TrialCatalog tc where tc.Trial_ID= 52282907)   INSERT INTO [REGFIELDTRIALS].[dbo].[TrialCatalog] ([Trial_ID],[IRPUser_ID],[SRRLeadUser_ID],[Crop_ID],[Trait_ID],[Site_ID],[TrialYear],[ComplianceStatus],[Name],[Internal],[FarmName],[City],[County],[State],[Zip],[UpdateDateTime],[UpdateUserID],[Archive]) VALUES (52282907,2,2,1,1,7,2015,'Stewarded','MILLER KERBER FLETCHER E SHED',1,'MILLER KERBER FLETCHER E SHED','TOWANDA','McLean','IL','61776',GETDATE(), 'JASPAR',0) ELSE  UPDATE [dbo].[TrialCatalog] SET  [IRPUser_ID] = 2, [SRRLeadUser_ID] = 2, [Crop_ID] = 1, [Trait_ID] = 1, [Site_ID] = 7, [TrialYear] =2015, [ComplianceStatus] = 'Stewarded',[Name] = 'MILLER KERBER FLETCHER E SHED',[Internal] =1,[FarmName] = 'MILLER KERBER FLETCHER E SHED',[City] = 'TOWANDA',[State] = 'McLean',[Zip] = 'IL',[County] = '61776',[UpdateDateTime]=GETDATE(),[UpdateUserID] = 'JASPAR' WHERE [Trial_ID] = 52282907
 IF NOT EXISTS(select tc.Trait_ID from TrialCatalog tc where tc.Trial_ID= 52282924)   INSERT INTO [REGFIELDTRIALS].[dbo].[TrialCatalog] ([Trial_ID],[IRPUser_ID],[SRRLeadUser_ID],[Crop_ID],[Trait_ID],[Site_ID],[TrialYear],[ComplianceStatus],[Name],[Internal],[FarmName],[City],[County],[State],[Zip],[UpdateDateTime],[UpdateUserID],[Archive]) VALUES (52282924,2,2,1,2,7,2015,'Stewarded','MILLER KERBER',1,'MILLER KERBER','TOWANDA','McLean','IL','61776',GETDATE(), 'JASPAR',0) ELSE  UPDATE [dbo].[TrialCatalog] SET  [IRPUser_ID] = 2, [SRRLeadUser_ID] = 2, [Crop_ID] = 1, [Trait_ID] = 2, [Site_ID] = 7, [TrialYear] =2015, [ComplianceStatus] = 'Stewarded',[Name] = 'MILLER KERBER',[Internal] =1,[FarmName] = 'MILLER KERBER',[City] = 'TOWANDA',[State] = 'McLean',[Zip] = 'IL',[County] = '61776',[UpdateDateTime]=GETDATE(),[UpdateUserID] = 'JASPAR' WHERE [Trial_ID] = 52282924
 IF NOT EXISTS(select tc.Trait_ID from TrialCatalog tc where tc.Trial_ID= 52282931)   INSERT INTO [REGFIELDTRIALS].[dbo].[TrialCatalog] ([Trial_ID],[IRPUser_ID],[SRRLeadUser_ID],[Crop_ID],[Trait_ID],[Site_ID],[TrialYear],[ComplianceStatus],[Name],[Internal],[FarmName],[City],[County],[State],[Zip],[UpdateDateTime],[UpdateUserID],[Archive]) VALUES (52282931,2,2,1,1,7,2015,'Stewarded','MK FARMS ROSELAND 29',1,'MK FARMS ROSELAND 29','COLFAX','McLean','IL','61728',GETDATE(), 'JASPAR',0) ELSE  UPDATE [dbo].[TrialCatalog] SET  [IRPUser_ID] = 2, [SRRLeadUser_ID] = 2, [Crop_ID] = 1, [Trait_ID] = 1, [Site_ID] = 7, [TrialYear] =2015, [ComplianceStatus] = 'Stewarded',[Name] = 'MK FARMS ROSELAND 29',[Internal] =1,[FarmName] = 'MK FARMS ROSELAND 29',[City] = 'COLFAX',[State] = 'McLean',[Zip] = 'IL',[County] = '61728',[UpdateDateTime]=GETDATE(),[UpdateUserID] = 'JASPAR' WHERE [Trial_ID] = 52282931
 IF NOT EXISTS(select tc.Trait_ID from TrialCatalog tc where tc.Trial_ID= 52282950)   INSERT INTO [REGFIELDTRIALS].[dbo].[TrialCatalog] ([Trial_ID],[IRPUser_ID],[SRRLeadUser_ID],[Crop_ID],[Trait_ID],[Site_ID],[TrialYear],[ComplianceStatus],[Name],[Internal],[FarmName],[City],[County],[State],[Zip],[UpdateDateTime],[UpdateUserID],[Archive]) VALUES (52282950,2,2,1,2,7,2015,'Stewarded','SCHNEIDER C FRANKIE 57 MARTIN 80',1,'SCHNEIDER C FRANKIE 57 MARTIN 80','GRAYMONT','Livingston','IL','61743',GETDATE(), 'JASPAR',0) ELSE  UPDATE [dbo].[TrialCatalog] SET  [IRPUser_ID] = 2, [SRRLeadUser_ID] = 2, [Crop_ID] = 1, [Trait_ID] = 2, [Site_ID] = 7, [TrialYear] =2015, [ComplianceStatus] = 'Stewarded',[Name] = 'SCHNEIDER C FRANKIE 57 MARTIN 80',[Internal] =1,[FarmName] = 'SCHNEIDER C FRANKIE 57 MARTIN 80',[City] = 'GRAYMONT',[State] = 'Livingston',[Zip] = 'IL',[County] = '61743',[UpdateDateTime]=GETDATE(),[UpdateUserID] = 'JASPAR' WHERE [Trial_ID] = 52282950
 IF NOT EXISTS(select tc.Trait_ID from TrialCatalog tc where tc.Trial_ID= 52282963)   INSERT INTO [REGFIELDTRIALS].[dbo].[TrialCatalog] ([Trial_ID],[IRPUser_ID],[SRRLeadUser_ID],[Crop_ID],[Trait_ID],[Site_ID],[TrialYear],[ComplianceStatus],[Name],[Internal],[FarmName],[City],[County],[State],[Zip],[UpdateDateTime],[UpdateUserID],[Archive]) VALUES (52282963,2,2,1,1,7,2015,'Stewarded','MILLER KERBER FLETCHER S',1,'MILLER KERBER FLETCHER S','COOKSVILLE ','McLean','IL','61730',GETDATE(), 'JASPAR',0) ELSE  UPDATE [dbo].[TrialCatalog] SET  [IRPUser_ID] = 2, [SRRLeadUser_ID] = 2, [Crop_ID] = 1, [Trait_ID] = 1, [Site_ID] = 7, [TrialYear] =2015, [ComplianceStatus] = 'Stewarded',[Name] = 'MILLER KERBER FLETCHER S',[Internal] =1,[FarmName] = 'MILLER KERBER FLETCHER S',[City] = 'COOKSVILLE ',[State] = 'McLean',[Zip] = 'IL',[County] = '61730',[UpdateDateTime]=GETDATE(),[UpdateUserID] = 'JASPAR' WHERE [Trial_ID] = 52282963
 IF NOT EXISTS(select tc.Trait_ID from TrialCatalog tc where tc.Trial_ID= 52240762)   INSERT INTO [REGFIELDTRIALS].[dbo].[TrialCatalog] ([Trial_ID],[IRPUser_ID],[SRRLeadUser_ID],[Crop_ID],[Trait_ID],[Site_ID],[TrialYear],[ComplianceStatus],[Name],[Internal],[FarmName],[City],[County],[State],[Zip],[UpdateDateTime],[UpdateUserID],[Archive]) VALUES (52240762,2,27,1,2,15,2015,'Stewarded','HOFFBECK/GOLDADE - LAURIES HOME',1,'HOFFBECK/GOLDADE - LAURIES HOME','MORGAN','Redwood','MN','56266',GETDATE(), 'JASPAR',0) ELSE  UPDATE [dbo].[TrialCatalog] SET  [IRPUser_ID] = 2, [SRRLeadUser_ID] = 27, [Crop_ID] = 1, [Trait_ID] = 2, [Site_ID] = 15, [TrialYear] =2015, [ComplianceStatus] = 'Stewarded',[Name] = 'HOFFBECK/GOLDADE - LAURIES HOME',[Internal] =1,[FarmName] = 'HOFFBECK/GOLDADE - LAURIES HOME',[City] = 'MORGAN',[State] = 'Redwood',[Zip] = 'MN',[County] = '56266',[UpdateDateTime]=GETDATE(),[UpdateUserID] = 'JASPAR' WHERE [Trial_ID] = 52240762
 IF NOT EXISTS(select tc.Trait_ID from TrialCatalog tc where tc.Trial_ID= 52240768)   INSERT INTO [REGFIELDTRIALS].[dbo].[TrialCatalog] ([Trial_ID],[IRPUser_ID],[SRRLeadUser_ID],[Crop_ID],[Trait_ID],[Site_ID],[TrialYear],[ComplianceStatus],[Name],[Internal],[FarmName],[City],[County],[State],[Zip],[UpdateDateTime],[UpdateUserID],[Archive]) VALUES (52240768,2,27,1,1,15,2015,'Stewarded','ADAM GOLDADE - BECKYS/DOUGS 1/4',1,'ADAM GOLDADE - BECKYS/DOUGS 1/4','CLEMENTS','Redwood','MN','56224',GETDATE(), 'JASPAR',0) ELSE  UPDATE [dbo].[TrialCatalog] SET  [IRPUser_ID] = 2, [SRRLeadUser_ID] = 27, [Crop_ID] = 1, [Trait_ID] = 1, [Site_ID] = 15, [TrialYear] =2015, [ComplianceStatus] = 'Stewarded',[Name] = 'ADAM GOLDADE - BECKYS/DOUGS 1/4',[Internal] =1,[FarmName] = 'ADAM GOLDADE - BECKYS/DOUGS 1/4',[City] = 'CLEMENTS',[State] = 'Redwood',[Zip] = 'MN',[County] = '56224',[UpdateDateTime]=GETDATE(),[UpdateUserID] = 'JASPAR' WHERE [Trial_ID] = 52240768
 IF NOT EXISTS(select tc.Trait_ID from TrialCatalog tc where tc.Trial_ID= 52240774)   INSERT INTO [REGFIELDTRIALS].[dbo].[TrialCatalog] ([Trial_ID],[IRPUser_ID],[SRRLeadUser_ID],[Crop_ID],[Trait_ID],[Site_ID],[TrialYear],[ComplianceStatus],[Name],[Internal],[FarmName],[City],[County],[State],[Zip],[UpdateDateTime],[UpdateUserID],[Archive]) VALUES (52240774,2,27,1,2,15,2015,'Stewarded','RANDY DOLEZAL - LEONARDS',1,'RANDY DOLEZAL - LEONARDS','REDWOOD FALLS','Renville','MN','56283',GETDATE(), 'JASPAR',0) ELSE  UPDATE [dbo].[TrialCatalog] SET  [IRPUser_ID] = 2, [SRRLeadUser_ID] = 27, [Crop_ID] = 1, [Trait_ID] = 2, [Site_ID] = 15, [TrialYear] =2015, [ComplianceStatus] = 'Stewarded',[Name] = 'RANDY DOLEZAL - LEONARDS',[Internal] =1,[FarmName] = 'RANDY DOLEZAL - LEONARDS',[City] = 'REDWOOD FALLS',[State] = 'Renville',[Zip] = 'MN',[County] = '56283',[UpdateDateTime]=GETDATE(),[UpdateUserID] = 'JASPAR' WHERE [Trial_ID] = 52240774
 IF NOT EXISTS(select tc.Trait_ID from TrialCatalog tc where tc.Trial_ID= 52240782)   INSERT INTO [REGFIELDTRIALS].[dbo].[TrialCatalog] ([Trial_ID],[IRPUser_ID],[SRRLeadUser_ID],[Crop_ID],[Trait_ID],[Site_ID],[TrialYear],[ComplianceStatus],[Name],[Internal],[FarmName],[City],[County],[State],[Zip],[UpdateDateTime],[UpdateUserID],[Archive]) VALUES (52240782,2,27,1,1,15,2015,'Stewarded','LAURIE HOFFBECK - NIELSONS',1,'LAURIE HOFFBECK - NIELSONS','SPRINGFIELD','Redwood','MN','56087',GETDATE(), 'JASPAR',0) ELSE  UPDATE [dbo].[TrialCatalog] SET  [IRPUser_ID] = 2, [SRRLeadUser_ID] = 27, [Crop_ID] = 1, [Trait_ID] = 1, [Site_ID] = 15, [TrialYear] =2015, [ComplianceStatus] = 'Stewarded',[Name] = 'LAURIE HOFFBECK - NIELSONS',[Internal] =1,[FarmName] = 'LAURIE HOFFBECK - NIELSONS',[City] = 'SPRINGFIELD',[State] = 'Redwood',[Zip] = 'MN',[County] = '56087',[UpdateDateTime]=GETDATE(),[UpdateUserID] = 'JASPAR' WHERE [Trial_ID] = 52240782
 IF NOT EXISTS(select tc.Trait_ID from TrialCatalog tc where tc.Trial_ID= 52240788)   INSERT INTO [REGFIELDTRIALS].[dbo].[TrialCatalog] ([Trial_ID],[IRPUser_ID],[SRRLeadUser_ID],[Crop_ID],[Trait_ID],[Site_ID],[TrialYear],[ComplianceStatus],[Name],[Internal],[FarmName],[City],[County],[State],[Zip],[UpdateDateTime],[UpdateUserID],[Archive]) VALUES (52240788,2,27,1,2,15,2015,'Stewarded','TOM BREITKREUTZ - CLARENCES',1,'TOM BREITKREUTZ - CLARENCES','REDWOOD FALLS','Renville','MN','56283',GETDATE(), 'JASPAR',0) ELSE  UPDATE [dbo].[TrialCatalog] SET  [IRPUser_ID] = 2, [SRRLeadUser_ID] = 27, [Crop_ID] = 1, [Trait_ID] = 2, [Site_ID] = 15, [TrialYear] =2015, [ComplianceStatus] = 'Stewarded',[Name] = 'TOM BREITKREUTZ - CLARENCES',[Internal] =1,[FarmName] = 'TOM BREITKREUTZ - CLARENCES',[City] = 'REDWOOD FALLS',[State] = 'Renville',[Zip] = 'MN',[County] = '56283',[UpdateDateTime]=GETDATE(),[UpdateUserID] = 'JASPAR' WHERE [Trial_ID] = 52240788
 IF NOT EXISTS(select tc.Trait_ID from TrialCatalog tc where tc.Trial_ID= 52239312)   INSERT INTO [REGFIELDTRIALS].[dbo].[TrialCatalog] ([Trial_ID],[IRPUser_ID],[SRRLeadUser_ID],[Crop_ID],[Trait_ID],[Site_ID],[TrialYear],[ComplianceStatus],[Name],[Internal],[FarmName],[City],[County],[State],[Zip],[UpdateDateTime],[UpdateUserID],[Archive]) VALUES (52239312,2,27,1,1,9,2015,'Stewarded','MARKOLSON HOME',1,'MARKOLSON HOME','BIRD ISLAND','Renville','MN','55310',GETDATE(), 'JASPAR',0) ELSE  UPDATE [dbo].[TrialCatalog] SET  [IRPUser_ID] = 2, [SRRLeadUser_ID] = 27, [Crop_ID] = 1, [Trait_ID] = 1, [Site_ID] = 9, [TrialYear] =2015, [ComplianceStatus] = 'Stewarded',[Name] = 'MARKOLSON HOME',[Internal] =1,[FarmName] = 'MARKOLSON HOME',[City] = 'BIRD ISLAND',[State] = 'Renville',[Zip] = 'MN',[County] = '55310',[UpdateDateTime]=GETDATE(),[UpdateUserID] = 'JASPAR' WHERE [Trial_ID] = 52239312
 IF NOT EXISTS(select tc.Trait_ID from TrialCatalog tc where tc.Trial_ID= 52239318)   INSERT INTO [REGFIELDTRIALS].[dbo].[TrialCatalog] ([Trial_ID],[IRPUser_ID],[SRRLeadUser_ID],[Crop_ID],[Trait_ID],[Site_ID],[TrialYear],[ComplianceStatus],[Name],[Internal],[FarmName],[City],[County],[State],[Zip],[UpdateDateTime],[UpdateUserID],[Archive]) VALUES (52239318,2,27,1,1,9,2015,'Stewarded','KEITHR HOME 1/4',1,'KEITHR HOME 1/4','LYND','Lyon','MN','56157',GETDATE(), 'JASPAR',0) ELSE  UPDATE [dbo].[TrialCatalog] SET  [IRPUser_ID] = 2, [SRRLeadUser_ID] = 27, [Crop_ID] = 1, [Trait_ID] = 1, [Site_ID] = 9, [TrialYear] =2015, [ComplianceStatus] = 'Stewarded',[Name] = 'KEITHR HOME 1/4',[Internal] =1,[FarmName] = 'KEITHR HOME 1/4',[City] = 'LYND',[State] = 'Lyon',[Zip] = 'MN',[County] = '56157',[UpdateDateTime]=GETDATE(),[UpdateUserID] = 'JASPAR' WHERE [Trial_ID] = 52239318
 IF NOT EXISTS(select tc.Trait_ID from TrialCatalog tc where tc.Trial_ID= 52239472)   INSERT INTO [REGFIELDTRIALS].[dbo].[TrialCatalog] ([Trial_ID],[IRPUser_ID],[SRRLeadUser_ID],[Crop_ID],[Trait_ID],[Site_ID],[TrialYear],[ComplianceStatus],[Name],[Internal],[FarmName],[City],[County],[State],[Zip],[UpdateDateTime],[UpdateUserID],[Archive]) VALUES (52239472,2,27,1,2,9,2015,'Stewarded','HARMONW SIEBS',1,'HARMONW SIEBS','KEKHOVEN','Swift','MN','56252',GETDATE(), 'JASPAR',0) ELSE  UPDATE [dbo].[TrialCatalog] SET  [IRPUser_ID] = 2, [SRRLeadUser_ID] = 27, [Crop_ID] = 1, [Trait_ID] = 2, [Site_ID] = 9, [TrialYear] =2015, [ComplianceStatus] = 'Stewarded',[Name] = 'HARMONW SIEBS',[Internal] =1,[FarmName] = 'HARMONW SIEBS',[City] = 'KEKHOVEN',[State] = 'Swift',[Zip] = 'MN',[County] = '56252',[UpdateDateTime]=GETDATE(),[UpdateUserID] = 'JASPAR' WHERE [Trial_ID] = 52239472
 IF NOT EXISTS(select tc.Trait_ID from TrialCatalog tc where tc.Trial_ID= 52239478)   INSERT INTO [REGFIELDTRIALS].[dbo].[TrialCatalog] ([Trial_ID],[IRPUser_ID],[SRRLeadUser_ID],[Crop_ID],[Trait_ID],[Site_ID],[TrialYear],[ComplianceStatus],[Name],[Internal],[FarmName],[City],[County],[State],[Zip],[UpdateDateTime],[UpdateUserID],[Archive]) VALUES (52239478,2,27,1,1,9,2015,'Stewarded','RANDYWOODFORDOLD HOUSE',1,'RANDYWOODFORDOLD HOUSE','REDWOOD FALLS','Redwood','MN','56283',GETDATE(), 'JASPAR',0) ELSE  UPDATE [dbo].[TrialCatalog] SET  [IRPUser_ID] = 2, [SRRLeadUser_ID] = 27, [Crop_ID] = 1, [Trait_ID] = 1, [Site_ID] = 9, [TrialYear] =2015, [ComplianceStatus] = 'Stewarded',[Name] = 'RANDYWOODFORDOLD HOUSE',[Internal] =1,[FarmName] = 'RANDYWOODFORDOLD HOUSE',[City] = 'REDWOOD FALLS',[State] = 'Redwood',[Zip] = 'MN',[County] = '56283',[UpdateDateTime]=GETDATE(),[UpdateUserID] = 'JASPAR' WHERE [Trial_ID] = 52239478
 IF NOT EXISTS(select tc.Trait_ID from TrialCatalog tc where tc.Trial_ID= 52239512)   INSERT INTO [REGFIELDTRIALS].[dbo].[TrialCatalog] ([Trial_ID],[IRPUser_ID],[SRRLeadUser_ID],[Crop_ID],[Trait_ID],[Site_ID],[TrialYear],[ComplianceStatus],[Name],[Internal],[FarmName],[City],[County],[State],[Zip],[UpdateDateTime],[UpdateUserID],[Archive]) VALUES (52239512,2,27,1,2,9,2015,'Stewarded','HARMON W KELLY N2',1,'HARMON W KELLY N2','MURDOCK','Swift','MN','56252',GETDATE(), 'JASPAR',0) ELSE  UPDATE [dbo].[TrialCatalog] SET  [IRPUser_ID] = 2, [SRRLeadUser_ID] = 27, [Crop_ID] = 1, [Trait_ID] = 2, [Site_ID] = 9, [TrialYear] =2015, [ComplianceStatus] = 'Stewarded',[Name] = 'HARMON W KELLY N2',[Internal] =1,[FarmName] = 'HARMON W KELLY N2',[City] = 'MURDOCK',[State] = 'Swift',[Zip] = 'MN',[County] = '56252',[UpdateDateTime]=GETDATE(),[UpdateUserID] = 'JASPAR' WHERE [Trial_ID] = 52239512
 IF NOT EXISTS(select tc.Trait_ID from TrialCatalog tc where tc.Trial_ID= 52241461)   INSERT INTO [REGFIELDTRIALS].[dbo].[TrialCatalog] ([Trial_ID],[IRPUser_ID],[SRRLeadUser_ID],[Crop_ID],[Trait_ID],[Site_ID],[TrialYear],[ComplianceStatus],[Name],[Internal],[FarmName],[City],[County],[State],[Zip],[UpdateDateTime],[UpdateUserID],[Archive]) VALUES (52241461,2,27,1,1,9,2015,'Stewarded','DOWNING MERLINS',1,'DOWNING MERLINS','IVANHOE','Lincoln','MN','56142',GETDATE(), 'JASPAR',0) ELSE  UPDATE [dbo].[TrialCatalog] SET  [IRPUser_ID] = 2, [SRRLeadUser_ID] = 27, [Crop_ID] = 1, [Trait_ID] = 1, [Site_ID] = 9, [TrialYear] =2015, [ComplianceStatus] = 'Stewarded',[Name] = 'DOWNING MERLINS',[Internal] =1,[FarmName] = 'DOWNING MERLINS',[City] = 'IVANHOE',[State] = 'Lincoln',[Zip] = 'MN',[County] = '56142',[UpdateDateTime]=GETDATE(),[UpdateUserID] = 'JASPAR' WHERE [Trial_ID] = 52241461
 IF NOT EXISTS(select tc.Trait_ID from TrialCatalog tc where tc.Trial_ID= 52250684)   INSERT INTO [REGFIELDTRIALS].[dbo].[TrialCatalog] ([Trial_ID],[IRPUser_ID],[SRRLeadUser_ID],[Crop_ID],[Trait_ID],[Site_ID],[TrialYear],[ComplianceStatus],[Name],[Internal],[FarmName],[City],[County],[State],[Zip],[UpdateDateTime],[UpdateUserID],[Archive]) VALUES (52250684,2,27,1,2,9,2015,'Stewarded','BOIKE 78',1,'BOIKE 78','MONTEVIDEO','CHIPPEWA','MN','56265',GETDATE(), 'JASPAR',0) ELSE  UPDATE [dbo].[TrialCatalog] SET  [IRPUser_ID] = 2, [SRRLeadUser_ID] = 27, [Crop_ID] = 1, [Trait_ID] = 2, [Site_ID] = 9, [TrialYear] =2015, [ComplianceStatus] = 'Stewarded',[Name] = 'BOIKE 78',[Internal] =1,[FarmName] = 'BOIKE 78',[City] = 'MONTEVIDEO',[State] = 'CHIPPEWA',[Zip] = 'MN',[County] = '56265',[UpdateDateTime]=GETDATE(),[UpdateUserID] = 'JASPAR' WHERE [Trial_ID] = 52250684
 IF NOT EXISTS(select tc.Trait_ID from TrialCatalog tc where tc.Trial_ID= 52250800)   INSERT INTO [REGFIELDTRIALS].[dbo].[TrialCatalog] ([Trial_ID],[IRPUser_ID],[SRRLeadUser_ID],[Crop_ID],[Trait_ID],[Site_ID],[TrialYear],[ComplianceStatus],[Name],[Internal],[FarmName],[City],[County],[State],[Zip],[UpdateDateTime],[UpdateUserID],[Archive]) VALUES (52250800,2,27,1,1,9,2015,'Stewarded','ANDY SLINDEN LAMONT BIG',1,'ANDY SLINDEN LAMONT BIG','DARWIN','MEEKER','MN','55324',GETDATE(), 'JASPAR',0) ELSE  UPDATE [dbo].[TrialCatalog] SET  [IRPUser_ID] = 2, [SRRLeadUser_ID] = 27, [Crop_ID] = 1, [Trait_ID] = 1, [Site_ID] = 9, [TrialYear] =2015, [ComplianceStatus] = 'Stewarded',[Name] = 'ANDY SLINDEN LAMONT BIG',[Internal] =1,[FarmName] = 'ANDY SLINDEN LAMONT BIG',[City] = 'DARWIN',[State] = 'MEEKER',[Zip] = 'MN',[County] = '55324',[UpdateDateTime]=GETDATE(),[UpdateUserID] = 'JASPAR' WHERE [Trial_ID] = 52250800
 IF NOT EXISTS(select tc.Trait_ID from TrialCatalog tc where tc.Trial_ID= 52250806)   INSERT INTO [REGFIELDTRIALS].[dbo].[TrialCatalog] ([Trial_ID],[IRPUser_ID],[SRRLeadUser_ID],[Crop_ID],[Trait_ID],[Site_ID],[TrialYear],[ComplianceStatus],[Name],[Internal],[FarmName],[City],[County],[State],[Zip],[UpdateDateTime],[UpdateUserID],[Archive]) VALUES (52250806,2,27,1,2,9,2015,'Stewarded','HARMONW TOM CLEMEN',1,'HARMONW TOM CLEMEN','MURDOCK','SWIFT','MN','56252',GETDATE(), 'JASPAR',0) ELSE  UPDATE [dbo].[TrialCatalog] SET  [IRPUser_ID] = 2, [SRRLeadUser_ID] = 27, [Crop_ID] = 1, [Trait_ID] = 2, [Site_ID] = 9, [TrialYear] =2015, [ComplianceStatus] = 'Stewarded',[Name] = 'HARMONW TOM CLEMEN',[Internal] =1,[FarmName] = 'HARMONW TOM CLEMEN',[City] = 'MURDOCK',[State] = 'SWIFT',[Zip] = 'MN',[County] = '56252',[UpdateDateTime]=GETDATE(),[UpdateUserID] = 'JASPAR' WHERE [Trial_ID] = 52250806
 IF NOT EXISTS(select tc.Trait_ID from TrialCatalog tc where tc.Trial_ID= 52250832)   INSERT INTO [REGFIELDTRIALS].[dbo].[TrialCatalog] ([Trial_ID],[IRPUser_ID],[SRRLeadUser_ID],[Crop_ID],[Trait_ID],[Site_ID],[TrialYear],[ComplianceStatus],[Name],[Internal],[FarmName],[City],[County],[State],[Zip],[UpdateDateTime],[UpdateUserID],[Archive]) VALUES (52250832,2,27,1,1,9,2015,'Stewarded','KEITHR DEMGERTELGER',1,'KEITHR DEMGERTELGER','LYND','LYON','MN','56157',GETDATE(), 'JASPAR',0) ELSE  UPDATE [dbo].[TrialCatalog] SET  [IRPUser_ID] = 2, [SRRLeadUser_ID] = 27, [Crop_ID] = 1, [Trait_ID] = 1, [Site_ID] = 9, [TrialYear] =2015, [ComplianceStatus] = 'Stewarded',[Name] = 'KEITHR DEMGERTELGER',[Internal] =1,[FarmName] = 'KEITHR DEMGERTELGER',[City] = 'LYND',[State] = 'LYON',[Zip] = 'MN',[County] = '56157',[UpdateDateTime]=GETDATE(),[UpdateUserID] = 'JASPAR' WHERE [Trial_ID] = 52250832
 IF NOT EXISTS(select tc.Trait_ID from TrialCatalog tc where tc.Trial_ID= 52241726)   INSERT INTO [REGFIELDTRIALS].[dbo].[TrialCatalog] ([Trial_ID],[IRPUser_ID],[SRRLeadUser_ID],[Crop_ID],[Trait_ID],[Site_ID],[TrialYear],[ComplianceStatus],[Name],[Internal],[FarmName],[City],[County],[State],[Zip],[UpdateDateTime],[UpdateUserID],[Archive]) VALUES (52241726,2,27,1,2,5,2015,'Stewarded','M/M WESTON 17 SE 1/4',1,'M/M WESTON 17 SE 1/4','CLAREMONT','Marshall','SD','57432',GETDATE(), 'JASPAR',0) ELSE  UPDATE [dbo].[TrialCatalog] SET  [IRPUser_ID] = 2, [SRRLeadUser_ID] = 27, [Crop_ID] = 1, [Trait_ID] = 2, [Site_ID] = 5, [TrialYear] =2015, [ComplianceStatus] = 'Stewarded',[Name] = 'M/M WESTON 17 SE 1/4',[Internal] =1,[FarmName] = 'M/M WESTON 17 SE 1/4',[City] = 'CLAREMONT',[State] = 'Marshall',[Zip] = 'SD',[County] = '57432',[UpdateDateTime]=GETDATE(),[UpdateUserID] = 'JASPAR' WHERE [Trial_ID] = 52241726
 IF NOT EXISTS(select tc.Trait_ID from TrialCatalog tc where tc.Trial_ID= 52241732)   INSERT INTO [REGFIELDTRIALS].[dbo].[TrialCatalog] ([Trial_ID],[IRPUser_ID],[SRRLeadUser_ID],[Crop_ID],[Trait_ID],[Site_ID],[TrialYear],[ComplianceStatus],[Name],[Internal],[FarmName],[City],[County],[State],[Zip],[UpdateDateTime],[UpdateUserID],[Archive]) VALUES (52241732,2,27,1,1,5,2015,'Stewarded','M/M RIVERSIDE 11 NE 1/4',1,'M/M RIVERSIDE 11 NE 1/4','CLAREMONT','Brown','SD','57432',GETDATE(), 'JASPAR',0) ELSE  UPDATE [dbo].[TrialCatalog] SET  [IRPUser_ID] = 2, [SRRLeadUser_ID] = 27, [Crop_ID] = 1, [Trait_ID] = 1, [Site_ID] = 5, [TrialYear] =2015, [ComplianceStatus] = 'Stewarded',[Name] = 'M/M RIVERSIDE 11 NE 1/4',[Internal] =1,[FarmName] = 'M/M RIVERSIDE 11 NE 1/4',[City] = 'CLAREMONT',[State] = 'Brown',[Zip] = 'SD',[County] = '57432',[UpdateDateTime]=GETDATE(),[UpdateUserID] = 'JASPAR' WHERE [Trial_ID] = 52241732
 IF NOT EXISTS(select tc.Trait_ID from TrialCatalog tc where tc.Trial_ID= 52241742)   INSERT INTO [REGFIELDTRIALS].[dbo].[TrialCatalog] ([Trial_ID],[IRPUser_ID],[SRRLeadUser_ID],[Crop_ID],[Trait_ID],[Site_ID],[TrialYear],[ComplianceStatus],[Name],[Internal],[FarmName],[City],[County],[State],[Zip],[UpdateDateTime],[UpdateUserID],[Archive]) VALUES (52241742,2,27,1,2,5,2015,'Stewarded','KOLDOK ORISKA 11',1,'KOLDOK ORISKA 11','TOWER CITY','Barnes','ND','58071',GETDATE(), 'JASPAR',0) ELSE  UPDATE [dbo].[TrialCatalog] SET  [IRPUser_ID] = 2, [SRRLeadUser_ID] = 27, [Crop_ID] = 1, [Trait_ID] = 2, [Site_ID] = 5, [TrialYear] =2015, [ComplianceStatus] = 'Stewarded',[Name] = 'KOLDOK ORISKA 11',[Internal] =1,[FarmName] = 'KOLDOK ORISKA 11',[City] = 'TOWER CITY',[State] = 'Barnes',[Zip] = 'ND',[County] = '58071',[UpdateDateTime]=GETDATE(),[UpdateUserID] = 'JASPAR' WHERE [Trial_ID] = 52241742
 IF NOT EXISTS(select tc.Trait_ID from TrialCatalog tc where tc.Trial_ID= 52241748)   INSERT INTO [REGFIELDTRIALS].[dbo].[TrialCatalog] ([Trial_ID],[IRPUser_ID],[SRRLeadUser_ID],[Crop_ID],[Trait_ID],[Site_ID],[TrialYear],[ComplianceStatus],[Name],[Internal],[FarmName],[City],[County],[State],[Zip],[UpdateDateTime],[UpdateUserID],[Archive]) VALUES (52241748,2,27,1,1,5,2015,'Stewarded','MCCRANIE S DETROIT 27 NE 1/4',1,'MCCRANIE S DETROIT 27 NE 1/4','CLAREMONT','Brown','SD','57432',GETDATE(), 'JASPAR',0) ELSE  UPDATE [dbo].[TrialCatalog] SET  [IRPUser_ID] = 2, [SRRLeadUser_ID] = 27, [Crop_ID] = 1, [Trait_ID] = 1, [Site_ID] = 5, [TrialYear] =2015, [ComplianceStatus] = 'Stewarded',[Name] = 'MCCRANIE S DETROIT 27 NE 1/4',[Internal] =1,[FarmName] = 'MCCRANIE S DETROIT 27 NE 1/4',[City] = 'CLAREMONT',[State] = 'Brown',[Zip] = 'SD',[County] = '57432',[UpdateDateTime]=GETDATE(),[UpdateUserID] = 'JASPAR' WHERE [Trial_ID] = 52241748
 IF NOT EXISTS(select tc.Trait_ID from TrialCatalog tc where tc.Trial_ID= 52241754)   INSERT INTO [REGFIELDTRIALS].[dbo].[TrialCatalog] ([Trial_ID],[IRPUser_ID],[SRRLeadUser_ID],[Crop_ID],[Trait_ID],[Site_ID],[TrialYear],[ComplianceStatus],[Name],[Internal],[FarmName],[City],[County],[State],[Zip],[UpdateDateTime],[UpdateUserID],[Archive]) VALUES (52241754,2,27,1,2,5,2015,'Stewarded','MKMC S DETROIT 31 E 1/2',1,'MKMC S DETROIT 31 E 1/2','CLAREMONT','Brown','SD','57432',GETDATE(), 'JASPAR',0) ELSE  UPDATE [dbo].[TrialCatalog] SET  [IRPUser_ID] = 2, [SRRLeadUser_ID] = 27, [Crop_ID] = 1, [Trait_ID] = 2, [Site_ID] = 5, [TrialYear] =2015, [ComplianceStatus] = 'Stewarded',[Name] = 'MKMC S DETROIT 31 E 1/2',[Internal] =1,[FarmName] = 'MKMC S DETROIT 31 E 1/2',[City] = 'CLAREMONT',[State] = 'Brown',[Zip] = 'SD',[County] = '57432',[UpdateDateTime]=GETDATE(),[UpdateUserID] = 'JASPAR' WHERE [Trial_ID] = 52241754
 IF NOT EXISTS(select tc.Trait_ID from TrialCatalog tc where tc.Trial_ID= 52261019)   INSERT INTO [REGFIELDTRIALS].[dbo].[TrialCatalog] ([Trial_ID],[IRPUser_ID],[SRRLeadUser_ID],[Crop_ID],[Trait_ID],[Site_ID],[TrialYear],[ComplianceStatus],[Name],[Internal],[FarmName],[City],[County],[State],[Zip],[UpdateDateTime],[UpdateUserID],[Archive]) VALUES (52261019,2,27,1,1,4,2015,'Stewarded','LEE, RICK 3271',1,'LEE, RICK 3271','WOOLSTOCK','Wright','IA','50599',GETDATE(), 'JASPAR',0) ELSE  UPDATE [dbo].[TrialCatalog] SET  [IRPUser_ID] = 2, [SRRLeadUser_ID] = 27, [Crop_ID] = 1, [Trait_ID] = 1, [Site_ID] = 4, [TrialYear] =2015, [ComplianceStatus] = 'Stewarded',[Name] = 'LEE, RICK 3271',[Internal] =1,[FarmName] = 'LEE, RICK 3271',[City] = 'WOOLSTOCK',[State] = 'Wright',[Zip] = 'IA',[County] = '50599',[UpdateDateTime]=GETDATE(),[UpdateUserID] = 'JASPAR' WHERE [Trial_ID] = 52261019
 IF NOT EXISTS(select tc.Trait_ID from TrialCatalog tc where tc.Trial_ID= 52261083)   INSERT INTO [REGFIELDTRIALS].[dbo].[TrialCatalog] ([Trial_ID],[IRPUser_ID],[SRRLeadUser_ID],[Crop_ID],[Trait_ID],[Site_ID],[TrialYear],[ComplianceStatus],[Name],[Internal],[FarmName],[City],[County],[State],[Zip],[UpdateDateTime],[UpdateUserID],[Archive]) VALUES (52261083,2,27,1,2,4,2015,'Stewarded','HARLE, BRIAN 297',1,'HARLE, BRIAN 297','KANAWHA','Wright','IA','50447',GETDATE(), 'JASPAR',0) ELSE  UPDATE [dbo].[TrialCatalog] SET  [IRPUser_ID] = 2, [SRRLeadUser_ID] = 27, [Crop_ID] = 1, [Trait_ID] = 2, [Site_ID] = 4, [TrialYear] =2015, [ComplianceStatus] = 'Stewarded',[Name] = 'HARLE, BRIAN 297',[Internal] =1,[FarmName] = 'HARLE, BRIAN 297',[City] = 'KANAWHA',[State] = 'Wright',[Zip] = 'IA',[County] = '50447',[UpdateDateTime]=GETDATE(),[UpdateUserID] = 'JASPAR' WHERE [Trial_ID] = 52261083
 IF NOT EXISTS(select tc.Trait_ID from TrialCatalog tc where tc.Trial_ID= 52261099)   INSERT INTO [REGFIELDTRIALS].[dbo].[TrialCatalog] ([Trial_ID],[IRPUser_ID],[SRRLeadUser_ID],[Crop_ID],[Trait_ID],[Site_ID],[TrialYear],[ComplianceStatus],[Name],[Internal],[FarmName],[City],[County],[State],[Zip],[UpdateDateTime],[UpdateUserID],[Archive]) VALUES (52261099,2,27,1,1,4,2015,'Stewarded','THOMPSON, DENNIS 817',1,'THOMPSON, DENNIS 817','HUMBOLDT','HUMBOLDT','IA','50548',GETDATE(), 'JASPAR',0) ELSE  UPDATE [dbo].[TrialCatalog] SET  [IRPUser_ID] = 2, [SRRLeadUser_ID] = 27, [Crop_ID] = 1, [Trait_ID] = 1, [Site_ID] = 4, [TrialYear] =2015, [ComplianceStatus] = 'Stewarded',[Name] = 'THOMPSON, DENNIS 817',[Internal] =1,[FarmName] = 'THOMPSON, DENNIS 817',[City] = 'HUMBOLDT',[State] = 'HUMBOLDT',[Zip] = 'IA',[County] = '50548',[UpdateDateTime]=GETDATE(),[UpdateUserID] = 'JASPAR' WHERE [Trial_ID] = 52261099
 IF NOT EXISTS(select tc.Trait_ID from TrialCatalog tc where tc.Trial_ID= 52261112)   INSERT INTO [REGFIELDTRIALS].[dbo].[TrialCatalog] ([Trial_ID],[IRPUser_ID],[SRRLeadUser_ID],[Crop_ID],[Trait_ID],[Site_ID],[TrialYear],[ComplianceStatus],[Name],[Internal],[FarmName],[City],[County],[State],[Zip],[UpdateDateTime],[UpdateUserID],[Archive]) VALUES (52261112,2,27,1,2,4,2015,'Stewarded','STAUDT, JEFF FLOYD, ULSTER, 14',1,'STAUDT, JEFF FLOYD, ULSTER, 14','ROCKFORD','Floyd','IA','50468',GETDATE(), 'JASPAR',0) ELSE  UPDATE [dbo].[TrialCatalog] SET  [IRPUser_ID] = 2, [SRRLeadUser_ID] = 27, [Crop_ID] = 1, [Trait_ID] = 2, [Site_ID] = 4, [TrialYear] =2015, [ComplianceStatus] = 'Stewarded',[Name] = 'STAUDT, JEFF FLOYD, ULSTER, 14',[Internal] =1,[FarmName] = 'STAUDT, JEFF FLOYD, ULSTER, 14',[City] = 'ROCKFORD',[State] = 'Floyd',[Zip] = 'IA',[County] = '50468',[UpdateDateTime]=GETDATE(),[UpdateUserID] = 'JASPAR' WHERE [Trial_ID] = 52261112
 IF NOT EXISTS(select tc.Trait_ID from TrialCatalog tc where tc.Trial_ID= 52261126)   INSERT INTO [REGFIELDTRIALS].[dbo].[TrialCatalog] ([Trial_ID],[IRPUser_ID],[SRRLeadUser_ID],[Crop_ID],[Trait_ID],[Site_ID],[TrialYear],[ComplianceStatus],[Name],[Internal],[FarmName],[City],[County],[State],[Zip],[UpdateDateTime],[UpdateUserID],[Archive]) VALUES (52261126,2,27,1,1,4,2015,'Stewarded','BROCK, KEITH 6004',1,'BROCK, KEITH 6004','WEBSTER CITY','Webster','IA','50595',GETDATE(), 'JASPAR',0) ELSE  UPDATE [dbo].[TrialCatalog] SET  [IRPUser_ID] = 2, [SRRLeadUser_ID] = 27, [Crop_ID] = 1, [Trait_ID] = 1, [Site_ID] = 4, [TrialYear] =2015, [ComplianceStatus] = 'Stewarded',[Name] = 'BROCK, KEITH 6004',[Internal] =1,[FarmName] = 'BROCK, KEITH 6004',[City] = 'WEBSTER CITY',[State] = 'Webster',[Zip] = 'IA',[County] = '50595',[UpdateDateTime]=GETDATE(),[UpdateUserID] = 'JASPAR' WHERE [Trial_ID] = 52261126
 IF NOT EXISTS(select tc.Trait_ID from TrialCatalog tc where tc.Trial_ID= 52261139)   INSERT INTO [REGFIELDTRIALS].[dbo].[TrialCatalog] ([Trial_ID],[IRPUser_ID],[SRRLeadUser_ID],[Crop_ID],[Trait_ID],[Site_ID],[TrialYear],[ComplianceStatus],[Name],[Internal],[FarmName],[City],[County],[State],[Zip],[UpdateDateTime],[UpdateUserID],[Archive]) VALUES (52261139,2,27,1,2,4,2015,'Stewarded','HARLE, BRIAN 704',1,'HARLE, BRIAN 704','KANAWHA','Wright','IA','50447',GETDATE(), 'JASPAR',0) ELSE  UPDATE [dbo].[TrialCatalog] SET  [IRPUser_ID] = 2, [SRRLeadUser_ID] = 27, [Crop_ID] = 1, [Trait_ID] = 2, [Site_ID] = 4, [TrialYear] =2015, [ComplianceStatus] = 'Stewarded',[Name] = 'HARLE, BRIAN 704',[Internal] =1,[FarmName] = 'HARLE, BRIAN 704',[City] = 'KANAWHA',[State] = 'Wright',[Zip] = 'IA',[County] = '50447',[UpdateDateTime]=GETDATE(),[UpdateUserID] = 'JASPAR' WHERE [Trial_ID] = 52261139
 IF NOT EXISTS(select tc.Trait_ID from TrialCatalog tc where tc.Trial_ID= 52245835)   INSERT INTO [REGFIELDTRIALS].[dbo].[TrialCatalog] ([Trial_ID],[IRPUser_ID],[SRRLeadUser_ID],[Crop_ID],[Trait_ID],[Site_ID],[TrialYear],[ComplianceStatus],[Name],[Internal],[FarmName],[City],[County],[State],[Zip],[UpdateDateTime],[UpdateUserID],[Archive]) VALUES (52245835,2,27,1,1,1,2015,'Stewarded','LARSON GRAIN FARMS - DA1 75',1,'LARSON GRAIN FARMS - DA1 75','WATERMAN','DeKalb','IL','60556',GETDATE(), 'JASPAR',0) ELSE  UPDATE [dbo].[TrialCatalog] SET  [IRPUser_ID] = 2, [SRRLeadUser_ID] = 27, [Crop_ID] = 1, [Trait_ID] = 1, [Site_ID] = 1, [TrialYear] =2015, [ComplianceStatus] = 'Stewarded',[Name] = 'LARSON GRAIN FARMS - DA1 75',[Internal] =1,[FarmName] = 'LARSON GRAIN FARMS - DA1 75',[City] = 'WATERMAN',[State] = 'DeKalb',[Zip] = 'IL',[County] = '60556',[UpdateDateTime]=GETDATE(),[UpdateUserID] = 'JASPAR' WHERE [Trial_ID] = 52245835
 IF NOT EXISTS(select tc.Trait_ID from TrialCatalog tc where tc.Trial_ID= 52245910)   INSERT INTO [REGFIELDTRIALS].[dbo].[TrialCatalog] ([Trial_ID],[IRPUser_ID],[SRRLeadUser_ID],[Crop_ID],[Trait_ID],[Site_ID],[TrialYear],[ComplianceStatus],[Name],[Internal],[FarmName],[City],[County],[State],[Zip],[UpdateDateTime],[UpdateUserID],[Archive]) VALUES (52245910,2,27,1,2,1,2015,'Stewarded','APPELQUIST FARMS LLC - MAPLES',1,'APPELQUIST FARMS LLC - MAPLES','DIXON','Lee','IL','61021',GETDATE(), 'JASPAR',0) ELSE  UPDATE [dbo].[TrialCatalog] SET  [IRPUser_ID] = 2, [SRRLeadUser_ID] = 27, [Crop_ID] = 1, [Trait_ID] = 2, [Site_ID] = 1, [TrialYear] =2015, [ComplianceStatus] = 'Stewarded',[Name] = 'APPELQUIST FARMS LLC - MAPLES',[Internal] =1,[FarmName] = 'APPELQUIST FARMS LLC - MAPLES',[City] = 'DIXON',[State] = 'Lee',[Zip] = 'IL',[County] = '61021',[UpdateDateTime]=GETDATE(),[UpdateUserID] = 'JASPAR' WHERE [Trial_ID] = 52245910
 IF NOT EXISTS(select tc.Trait_ID from TrialCatalog tc where tc.Trial_ID= 52245916)   INSERT INTO [REGFIELDTRIALS].[dbo].[TrialCatalog] ([Trial_ID],[IRPUser_ID],[SRRLeadUser_ID],[Crop_ID],[Trait_ID],[Site_ID],[TrialYear],[ComplianceStatus],[Name],[Internal],[FarmName],[City],[County],[State],[Zip],[UpdateDateTime],[UpdateUserID],[Archive]) VALUES (52245916,2,27,1,1,1,2015,'Stewarded','APPELQUIST FARMS LLC - FAYRS',1,'APPELQUIST FARMS LLC - FAYRS','DIXON','Lee','IL','61021',GETDATE(), 'JASPAR',0) ELSE  UPDATE [dbo].[TrialCatalog] SET  [IRPUser_ID] = 2, [SRRLeadUser_ID] = 27, [Crop_ID] = 1, [Trait_ID] = 1, [Site_ID] = 1, [TrialYear] =2015, [ComplianceStatus] = 'Stewarded',[Name] = 'APPELQUIST FARMS LLC - FAYRS',[Internal] =1,[FarmName] = 'APPELQUIST FARMS LLC - FAYRS',[City] = 'DIXON',[State] = 'Lee',[Zip] = 'IL',[County] = '61021',[UpdateDateTime]=GETDATE(),[UpdateUserID] = 'JASPAR' WHERE [Trial_ID] = 52245916
 IF NOT EXISTS(select tc.Trait_ID from TrialCatalog tc where tc.Trial_ID= 52245976)   INSERT INTO [REGFIELDTRIALS].[dbo].[TrialCatalog] ([Trial_ID],[IRPUser_ID],[SRRLeadUser_ID],[Crop_ID],[Trait_ID],[Site_ID],[TrialYear],[ComplianceStatus],[Name],[Internal],[FarmName],[City],[County],[State],[Zip],[UpdateDateTime],[UpdateUserID],[Archive]) VALUES (52245976,2,27,1,2,1,2015,'Stewarded','LARSON GRAIN FARMS - DA1 100',1,'LARSON GRAIN FARMS - DA1 100','WATERMAN','DeKalb','IL','60556',GETDATE(), 'JASPAR',0) ELSE  UPDATE [dbo].[TrialCatalog] SET  [IRPUser_ID] = 2, [SRRLeadUser_ID] = 27, [Crop_ID] = 1, [Trait_ID] = 2, [Site_ID] = 1, [TrialYear] =2015, [ComplianceStatus] = 'Stewarded',[Name] = 'LARSON GRAIN FARMS - DA1 100',[Internal] =1,[FarmName] = 'LARSON GRAIN FARMS - DA1 100',[City] = 'WATERMAN',[State] = 'DeKalb',[Zip] = 'IL',[County] = '60556',[UpdateDateTime]=GETDATE(),[UpdateUserID] = 'JASPAR' WHERE [Trial_ID] = 52245976
 IF NOT EXISTS(select tc.Trait_ID from TrialCatalog tc where tc.Trial_ID= 27479)   INSERT INTO [REGFIELDTRIALS].[dbo].[TrialCatalog] ([Trial_ID],[IRPUser_ID],[SRRLeadUser_ID],[Crop_ID],[Trait_ID],[Site_ID],[TrialYear],[ComplianceStatus],[Name],[Internal],[FarmName],[City],[County],[State],[Zip],[UpdateDateTime],[UpdateUserID],[Archive]) VALUES (27479,2,2,1,1,7,2014,'Stewarded','Lynn Ja Cowin',1,'LYNN COWIN IRR','EASTON','MASON','IL','',GETDATE(), 'JASPAR',0) ELSE  UPDATE [dbo].[TrialCatalog] SET  [IRPUser_ID] = 2, [SRRLeadUser_ID] = 2, [Crop_ID] = 1, [Trait_ID] = 1, [Site_ID] = 7, [TrialYear] =2014, [ComplianceStatus] = 'Stewarded',[Name] = 'Lynn Ja Cowin',[Internal] =1,[FarmName] = 'LYNN COWIN IRR',[City] = 'EASTON',[State] = 'MASON',[Zip] = 'IL',[County] = '',[UpdateDateTime]=GETDATE(),[UpdateUserID] = 'JASPAR' WHERE [Trial_ID] = 27479
 IF NOT EXISTS(select tc.Trait_ID from TrialCatalog tc where tc.Trial_ID= 27507)   INSERT INTO [REGFIELDTRIALS].[dbo].[TrialCatalog] ([Trial_ID],[IRPUser_ID],[SRRLeadUser_ID],[Crop_ID],[Trait_ID],[Site_ID],[TrialYear],[ComplianceStatus],[Name],[Internal],[FarmName],[City],[County],[State],[Zip],[UpdateDateTime],[UpdateUserID],[Archive]) VALUES (27507,2,2,1,1,7,2014,'Stewarded','Martin Carter 50',1,'MARTIN CARTER 50','MASON CITY','Mason','IL','',GETDATE(), 'JASPAR',0) ELSE  UPDATE [dbo].[TrialCatalog] SET  [IRPUser_ID] = 2, [SRRLeadUser_ID] = 2, [Crop_ID] = 1, [Trait_ID] = 1, [Site_ID] = 7, [TrialYear] =2014, [ComplianceStatus] = 'Stewarded',[Name] = 'Martin Carter 50',[Internal] =1,[FarmName] = 'MARTIN CARTER 50',[City] = 'MASON CITY',[State] = 'Mason',[Zip] = 'IL',[County] = '',[UpdateDateTime]=GETDATE(),[UpdateUserID] = 'JASPAR' WHERE [Trial_ID] = 27507
 IF NOT EXISTS(select tc.Trait_ID from TrialCatalog tc where tc.Trial_ID= 27680)   INSERT INTO [REGFIELDTRIALS].[dbo].[TrialCatalog] ([Trial_ID],[IRPUser_ID],[SRRLeadUser_ID],[Crop_ID],[Trait_ID],[Site_ID],[TrialYear],[ComplianceStatus],[Name],[Internal],[FarmName],[City],[County],[State],[Zip],[UpdateDateTime],[UpdateUserID],[Archive]) VALUES (27680,2,2,1,1,7,2014,'Stewarded','Schafer Cunninham78 Schafer E',1,'SCHAFER LOUISE SCHAFER E','SAN JOSE','Mason','IL','',GETDATE(), 'JASPAR',0) ELSE  UPDATE [dbo].[TrialCatalog] SET  [IRPUser_ID] = 2, [SRRLeadUser_ID] = 2, [Crop_ID] = 1, [Trait_ID] = 1, [Site_ID] = 7, [TrialYear] =2014, [ComplianceStatus] = 'Stewarded',[Name] = 'Schafer Cunninham78 Schafer E',[Internal] =1,[FarmName] = 'SCHAFER LOUISE SCHAFER E',[City] = 'SAN JOSE',[State] = 'Mason',[Zip] = 'IL',[County] = '',[UpdateDateTime]=GETDATE(),[UpdateUserID] = 'JASPAR' WHERE [Trial_ID] = 27680
 IF NOT EXISTS(select tc.Trait_ID from TrialCatalog tc where tc.Trial_ID= 27681)   INSERT INTO [REGFIELDTRIALS].[dbo].[TrialCatalog] ([Trial_ID],[IRPUser_ID],[SRRLeadUser_ID],[Crop_ID],[Trait_ID],[Site_ID],[TrialYear],[ComplianceStatus],[Name],[Internal],[FarmName],[City],[County],[State],[Zip],[UpdateDateTime],[UpdateUserID],[Archive]) VALUES (27681,2,2,1,1,7,2014,'Stewarded','Martin Fouts 160',1,'MARTIN FOUTS 160','MASON CITY','Mason','IL','',GETDATE(), 'JASPAR',0) ELSE  UPDATE [dbo].[TrialCatalog] SET  [IRPUser_ID] = 2, [SRRLeadUser_ID] = 2, [Crop_ID] = 1, [Trait_ID] = 1, [Site_ID] = 7, [TrialYear] =2014, [ComplianceStatus] = 'Stewarded',[Name] = 'Martin Fouts 160',[Internal] =1,[FarmName] = 'MARTIN FOUTS 160',[City] = 'MASON CITY',[State] = 'Mason',[Zip] = 'IL',[County] = '',[UpdateDateTime]=GETDATE(),[UpdateUserID] = 'JASPAR' WHERE [Trial_ID] = 27681
 IF NOT EXISTS(select tc.Trait_ID from TrialCatalog tc where tc.Trial_ID= 27683)   INSERT INTO [REGFIELDTRIALS].[dbo].[TrialCatalog] ([Trial_ID],[IRPUser_ID],[SRRLeadUser_ID],[Crop_ID],[Trait_ID],[Site_ID],[TrialYear],[ComplianceStatus],[Name],[Internal],[FarmName],[City],[County],[State],[Zip],[UpdateDateTime],[UpdateUserID],[Archive]) VALUES (27683,2,2,1,1,7,2014,'Stewarded','Martin Good 80',1,'MARTIN GOOD 80','MASON CITY','Mason','IL','',GETDATE(), 'JASPAR',0) ELSE  UPDATE [dbo].[TrialCatalog] SET  [IRPUser_ID] = 2, [SRRLeadUser_ID] = 2, [Crop_ID] = 1, [Trait_ID] = 1, [Site_ID] = 7, [TrialYear] =2014, [ComplianceStatus] = 'Stewarded',[Name] = 'Martin Good 80',[Internal] =1,[FarmName] = 'MARTIN GOOD 80',[City] = 'MASON CITY',[State] = 'Mason',[Zip] = 'IL',[County] = '',[UpdateDateTime]=GETDATE(),[UpdateUserID] = 'JASPAR' WHERE [Trial_ID] = 27683
 IF NOT EXISTS(select tc.Trait_ID from TrialCatalog tc where tc.Trial_ID= 27773)   INSERT INTO [REGFIELDTRIALS].[dbo].[TrialCatalog] ([Trial_ID],[IRPUser_ID],[SRRLeadUser_ID],[Crop_ID],[Trait_ID],[Site_ID],[TrialYear],[ComplianceStatus],[Name],[Internal],[FarmName],[City],[County],[State],[Zip],[UpdateDateTime],[UpdateUserID],[Archive]) VALUES (27773,2,2,1,1,7,2014,'Stewarded','Sasse Willmert',1,'SASSE 4 ILLINI DMS EINENCE WILMERT','ATLANTA','Logan','IL','',GETDATE(), 'JASPAR',0) ELSE  UPDATE [dbo].[TrialCatalog] SET  [IRPUser_ID] = 2, [SRRLeadUser_ID] = 2, [Crop_ID] = 1, [Trait_ID] = 1, [Site_ID] = 7, [TrialYear] =2014, [ComplianceStatus] = 'Stewarded',[Name] = 'Sasse Willmert',[Internal] =1,[FarmName] = 'SASSE 4 ILLINI DMS EINENCE WILMERT',[City] = 'ATLANTA',[State] = 'Logan',[Zip] = 'IL',[County] = '',[UpdateDateTime]=GETDATE(),[UpdateUserID] = 'JASPAR' WHERE [Trial_ID] = 27773
 IF NOT EXISTS(select tc.Trait_ID from TrialCatalog tc where tc.Trial_ID= 27789)   INSERT INTO [REGFIELDTRIALS].[dbo].[TrialCatalog] ([Trial_ID],[IRPUser_ID],[SRRLeadUser_ID],[Crop_ID],[Trait_ID],[Site_ID],[TrialYear],[ComplianceStatus],[Name],[Internal],[FarmName],[City],[County],[State],[Zip],[UpdateDateTime],[UpdateUserID],[Archive]) VALUES (27789,2,27,1,1,2,2014,'Stewarded','Gerlach Farms Sandquist',1,'GERLACH FARMS SANDQUIST','NEVADA','Story','IA','',GETDATE(), 'JASPAR',0) ELSE  UPDATE [dbo].[TrialCatalog] SET  [IRPUser_ID] = 2, [SRRLeadUser_ID] = 27, [Crop_ID] = 1, [Trait_ID] = 1, [Site_ID] = 2, [TrialYear] =2014, [ComplianceStatus] = 'Stewarded',[Name] = 'Gerlach Farms Sandquist',[Internal] =1,[FarmName] = 'GERLACH FARMS SANDQUIST',[City] = 'NEVADA',[State] = 'Story',[Zip] = 'IA',[County] = '',[UpdateDateTime]=GETDATE(),[UpdateUserID] = 'JASPAR' WHERE [Trial_ID] = 27789
 IF NOT EXISTS(select tc.Trait_ID from TrialCatalog tc where tc.Trial_ID= 27790)   INSERT INTO [REGFIELDTRIALS].[dbo].[TrialCatalog] ([Trial_ID],[IRPUser_ID],[SRRLeadUser_ID],[Crop_ID],[Trait_ID],[Site_ID],[TrialYear],[ComplianceStatus],[Name],[Internal],[FarmName],[City],[County],[State],[Zip],[UpdateDateTime],[UpdateUserID],[Archive]) VALUES (27790,2,27,1,1,2,2014,'Stewarded','Gerlach Farms Bruns',1,'GERLACH FARMS BRUNS','COLO,','STORY','IA','',GETDATE(), 'JASPAR',0) ELSE  UPDATE [dbo].[TrialCatalog] SET  [IRPUser_ID] = 2, [SRRLeadUser_ID] = 27, [Crop_ID] = 1, [Trait_ID] = 1, [Site_ID] = 2, [TrialYear] =2014, [ComplianceStatus] = 'Stewarded',[Name] = 'Gerlach Farms Bruns',[Internal] =1,[FarmName] = 'GERLACH FARMS BRUNS',[City] = 'COLO,',[State] = 'STORY',[Zip] = 'IA',[County] = '',[UpdateDateTime]=GETDATE(),[UpdateUserID] = 'JASPAR' WHERE [Trial_ID] = 27790
 IF NOT EXISTS(select tc.Trait_ID from TrialCatalog tc where tc.Trial_ID= 27835)   INSERT INTO [REGFIELDTRIALS].[dbo].[TrialCatalog] ([Trial_ID],[IRPUser_ID],[SRRLeadUser_ID],[Crop_ID],[Trait_ID],[Site_ID],[TrialYear],[ComplianceStatus],[Name],[Internal],[FarmName],[City],[County],[State],[Zip],[UpdateDateTime],[UpdateUserID],[Archive]) VALUES (27835,2,27,1,1,2,2014,'Stewarded','Craig Smith Stover',1,'CRAIG SMITH STOVER','GRUNDY CENTER','Grundy','IA','',GETDATE(), 'JASPAR',0) ELSE  UPDATE [dbo].[TrialCatalog] SET  [IRPUser_ID] = 2, [SRRLeadUser_ID] = 27, [Crop_ID] = 1, [Trait_ID] = 1, [Site_ID] = 2, [TrialYear] =2014, [ComplianceStatus] = 'Stewarded',[Name] = 'Craig Smith Stover',[Internal] =1,[FarmName] = 'CRAIG SMITH STOVER',[City] = 'GRUNDY CENTER',[State] = 'Grundy',[Zip] = 'IA',[County] = '',[UpdateDateTime]=GETDATE(),[UpdateUserID] = 'JASPAR' WHERE [Trial_ID] = 27835
 IF NOT EXISTS(select tc.Trait_ID from TrialCatalog tc where tc.Trial_ID= 27836)   INSERT INTO [REGFIELDTRIALS].[dbo].[TrialCatalog] ([Trial_ID],[IRPUser_ID],[SRRLeadUser_ID],[Crop_ID],[Trait_ID],[Site_ID],[TrialYear],[ComplianceStatus],[Name],[Internal],[FarmName],[City],[County],[State],[Zip],[UpdateDateTime],[UpdateUserID],[Archive]) VALUES (27836,2,27,1,1,2,2014,'Stewarded','Kenny Johnson Home',1,'KENNY JOHNSON HOME','APLINGTON','Grundy','IA','',GETDATE(), 'JASPAR',0) ELSE  UPDATE [dbo].[TrialCatalog] SET  [IRPUser_ID] = 2, [SRRLeadUser_ID] = 27, [Crop_ID] = 1, [Trait_ID] = 1, [Site_ID] = 2, [TrialYear] =2014, [ComplianceStatus] = 'Stewarded',[Name] = 'Kenny Johnson Home',[Internal] =1,[FarmName] = 'KENNY JOHNSON HOME',[City] = 'APLINGTON',[State] = 'Grundy',[Zip] = 'IA',[County] = '',[UpdateDateTime]=GETDATE(),[UpdateUserID] = 'JASPAR' WHERE [Trial_ID] = 27836
 IF NOT EXISTS(select tc.Trait_ID from TrialCatalog tc where tc.Trial_ID= 27837)   INSERT INTO [REGFIELDTRIALS].[dbo].[TrialCatalog] ([Trial_ID],[IRPUser_ID],[SRRLeadUser_ID],[Crop_ID],[Trait_ID],[Site_ID],[TrialYear],[ComplianceStatus],[Name],[Internal],[FarmName],[City],[County],[State],[Zip],[UpdateDateTime],[UpdateUserID],[Archive]) VALUES (27837,2,27,1,1,2,2014,'Stewarded','Eric Johnson Home',1,'ERIC JOHNSON HOME','APLINGTON','Grundy','IA','',GETDATE(), 'JASPAR',0) ELSE  UPDATE [dbo].[TrialCatalog] SET  [IRPUser_ID] = 2, [SRRLeadUser_ID] = 27, [Crop_ID] = 1, [Trait_ID] = 1, [Site_ID] = 2, [TrialYear] =2014, [ComplianceStatus] = 'Stewarded',[Name] = 'Eric Johnson Home',[Internal] =1,[FarmName] = 'ERIC JOHNSON HOME',[City] = 'APLINGTON',[State] = 'Grundy',[Zip] = 'IA',[County] = '',[UpdateDateTime]=GETDATE(),[UpdateUserID] = 'JASPAR' WHERE [Trial_ID] = 27837
 IF NOT EXISTS(select tc.Trait_ID from TrialCatalog tc where tc.Trial_ID= 27952)   INSERT INTO [REGFIELDTRIALS].[dbo].[TrialCatalog] ([Trial_ID],[IRPUser_ID],[SRRLeadUser_ID],[Crop_ID],[Trait_ID],[Site_ID],[TrialYear],[ComplianceStatus],[Name],[Internal],[FarmName],[City],[County],[State],[Zip],[UpdateDateTime],[UpdateUserID],[Archive]) VALUES (27952,2,27,1,1,2,2014,'Stewarded','Alan Karkosh Halupnick',1,'ALAN KARKOSH HALUPNICK SOUTH','HUDSON','Black Hawk','IA','',GETDATE(), 'JASPAR',0) ELSE  UPDATE [dbo].[TrialCatalog] SET  [IRPUser_ID] = 2, [SRRLeadUser_ID] = 27, [Crop_ID] = 1, [Trait_ID] = 1, [Site_ID] = 2, [TrialYear] =2014, [ComplianceStatus] = 'Stewarded',[Name] = 'Alan Karkosh Halupnick',[Internal] =1,[FarmName] = 'ALAN KARKOSH HALUPNICK SOUTH',[City] = 'HUDSON',[State] = 'Black Hawk',[Zip] = 'IA',[County] = '',[UpdateDateTime]=GETDATE(),[UpdateUserID] = 'JASPAR' WHERE [Trial_ID] = 27952
 IF NOT EXISTS(select tc.Trait_ID from TrialCatalog tc where tc.Trial_ID= 27953)   INSERT INTO [REGFIELDTRIALS].[dbo].[TrialCatalog] ([Trial_ID],[IRPUser_ID],[SRRLeadUser_ID],[Crop_ID],[Trait_ID],[Site_ID],[TrialYear],[ComplianceStatus],[Name],[Internal],[FarmName],[City],[County],[State],[Zip],[UpdateDateTime],[UpdateUserID],[Archive]) VALUES (27953,2,27,1,1,2,2014,'Stewarded','Ted Hamer Kern',1,'TED HAMER KERN','BLACK HAWK','Black Hawk','IA','',GETDATE(), 'JASPAR',0) ELSE  UPDATE [dbo].[TrialCatalog] SET  [IRPUser_ID] = 2, [SRRLeadUser_ID] = 27, [Crop_ID] = 1, [Trait_ID] = 1, [Site_ID] = 2, [TrialYear] =2014, [ComplianceStatus] = 'Stewarded',[Name] = 'Ted Hamer Kern',[Internal] =1,[FarmName] = 'TED HAMER KERN',[City] = 'BLACK HAWK',[State] = 'Black Hawk',[Zip] = 'IA',[County] = '',[UpdateDateTime]=GETDATE(),[UpdateUserID] = 'JASPAR' WHERE [Trial_ID] = 27953
 IF NOT EXISTS(select tc.Trait_ID from TrialCatalog tc where tc.Trial_ID= 28630)   INSERT INTO [REGFIELDTRIALS].[dbo].[TrialCatalog] ([Trial_ID],[IRPUser_ID],[SRRLeadUser_ID],[Crop_ID],[Trait_ID],[Site_ID],[TrialYear],[ComplianceStatus],[Name],[Internal],[FarmName],[City],[County],[State],[Zip],[UpdateDateTime],[UpdateUserID],[Archive]) VALUES (28630,2,2,1,1,9,2014,'Stewarded','Rob Palmer - Marvins # 2 (80)',1,'ROB PALMER MARVINS # 2','REDWOOD FALLS','Redwood','MN','56283',GETDATE(), 'JASPAR',0) ELSE  UPDATE [dbo].[TrialCatalog] SET  [IRPUser_ID] = 2, [SRRLeadUser_ID] = 2, [Crop_ID] = 1, [Trait_ID] = 1, [Site_ID] = 9, [TrialYear] =2014, [ComplianceStatus] = 'Stewarded',[Name] = 'Rob Palmer - Marvins # 2 (80)',[Internal] =1,[FarmName] = 'ROB PALMER MARVINS # 2',[City] = 'REDWOOD FALLS',[State] = 'Redwood',[Zip] = 'MN',[County] = '56283',[UpdateDateTime]=GETDATE(),[UpdateUserID] = 'JASPAR' WHERE [Trial_ID] = 28630
 IF NOT EXISTS(select tc.Trait_ID from TrialCatalog tc where tc.Trial_ID= 28631)   INSERT INTO [REGFIELDTRIALS].[dbo].[TrialCatalog] ([Trial_ID],[IRPUser_ID],[SRRLeadUser_ID],[Crop_ID],[Trait_ID],[Site_ID],[TrialYear],[ComplianceStatus],[Name],[Internal],[FarmName],[City],[County],[State],[Zip],[UpdateDateTime],[UpdateUserID],[Archive]) VALUES (28631,2,2,1,1,9,2014,'Stewarded','Bruce Tiffany - Sarrazin',1,'BRUCE TIFFANY 4 FIELDS','REDWOOD FALLS','Redwood','MN','56283',GETDATE(), 'JASPAR',0) ELSE  UPDATE [dbo].[TrialCatalog] SET  [IRPUser_ID] = 2, [SRRLeadUser_ID] = 2, [Crop_ID] = 1, [Trait_ID] = 1, [Site_ID] = 9, [TrialYear] =2014, [ComplianceStatus] = 'Stewarded',[Name] = 'Bruce Tiffany - Sarrazin',[Internal] =1,[FarmName] = 'BRUCE TIFFANY 4 FIELDS',[City] = 'REDWOOD FALLS',[State] = 'Redwood',[Zip] = 'MN',[County] = '56283',[UpdateDateTime]=GETDATE(),[UpdateUserID] = 'JASPAR' WHERE [Trial_ID] = 28631
 IF NOT EXISTS(select tc.Trait_ID from TrialCatalog tc where tc.Trial_ID= 28632)   INSERT INTO [REGFIELDTRIALS].[dbo].[TrialCatalog] ([Trial_ID],[IRPUser_ID],[SRRLeadUser_ID],[Crop_ID],[Trait_ID],[Site_ID],[TrialYear],[ComplianceStatus],[Name],[Internal],[FarmName],[City],[County],[State],[Zip],[UpdateDateTime],[UpdateUserID],[Archive]) VALUES (28632,2,2,1,1,9,2014,'Stewarded','Rob Palmer - Whittet',1,'ROB PALMER WHITTET','REDWOOD FALLS','Redwood','MN','56283',GETDATE(), 'JASPAR',0) ELSE  UPDATE [dbo].[TrialCatalog] SET  [IRPUser_ID] = 2, [SRRLeadUser_ID] = 2, [Crop_ID] = 1, [Trait_ID] = 1, [Site_ID] = 9, [TrialYear] =2014, [ComplianceStatus] = 'Stewarded',[Name] = 'Rob Palmer - Whittet',[Internal] =1,[FarmName] = 'ROB PALMER WHITTET',[City] = 'REDWOOD FALLS',[State] = 'Redwood',[Zip] = 'MN',[County] = '56283',[UpdateDateTime]=GETDATE(),[UpdateUserID] = 'JASPAR' WHERE [Trial_ID] = 28632
 IF NOT EXISTS(select tc.Trait_ID from TrialCatalog tc where tc.Trial_ID= 28633)   INSERT INTO [REGFIELDTRIALS].[dbo].[TrialCatalog] ([Trial_ID],[IRPUser_ID],[SRRLeadUser_ID],[Crop_ID],[Trait_ID],[Site_ID],[TrialYear],[ComplianceStatus],[Name],[Internal],[FarmName],[City],[County],[State],[Zip],[UpdateDateTime],[UpdateUserID],[Archive]) VALUES (28633,2,2,1,1,9,2014,'Stewarded','Matt Tiffany - Bills 80W',1,'MATT TIFFANY BILLS 80 WEST','REDWOOD FALLS','Redwood','MN','56283',GETDATE(), 'JASPAR',0) ELSE  UPDATE [dbo].[TrialCatalog] SET  [IRPUser_ID] = 2, [SRRLeadUser_ID] = 2, [Crop_ID] = 1, [Trait_ID] = 1, [Site_ID] = 9, [TrialYear] =2014, [ComplianceStatus] = 'Stewarded',[Name] = 'Matt Tiffany - Bills 80W',[Internal] =1,[FarmName] = 'MATT TIFFANY BILLS 80 WEST',[City] = 'REDWOOD FALLS',[State] = 'Redwood',[Zip] = 'MN',[County] = '56283',[UpdateDateTime]=GETDATE(),[UpdateUserID] = 'JASPAR' WHERE [Trial_ID] = 28633
 IF NOT EXISTS(select tc.Trait_ID from TrialCatalog tc where tc.Trial_ID= 28634)   INSERT INTO [REGFIELDTRIALS].[dbo].[TrialCatalog] ([Trial_ID],[IRPUser_ID],[SRRLeadUser_ID],[Crop_ID],[Trait_ID],[Site_ID],[TrialYear],[ComplianceStatus],[Name],[Internal],[FarmName],[City],[County],[State],[Zip],[UpdateDateTime],[UpdateUserID],[Archive]) VALUES (28634,2,2,1,1,9,2014,'Stewarded','Matt Tiffany - S of Johns',1,'MATT TIFFANY S OF JOHNS','REDWOOD FALLS','Redwood','MN','56283',GETDATE(), 'JASPAR',0) ELSE  UPDATE [dbo].[TrialCatalog] SET  [IRPUser_ID] = 2, [SRRLeadUser_ID] = 2, [Crop_ID] = 1, [Trait_ID] = 1, [Site_ID] = 9, [TrialYear] =2014, [ComplianceStatus] = 'Stewarded',[Name] = 'Matt Tiffany - S of Johns',[Internal] =1,[FarmName] = 'MATT TIFFANY S OF JOHNS',[City] = 'REDWOOD FALLS',[State] = 'Redwood',[Zip] = 'MN',[County] = '56283',[UpdateDateTime]=GETDATE(),[UpdateUserID] = 'JASPAR' WHERE [Trial_ID] = 28634
 IF NOT EXISTS(select tc.Trait_ID from TrialCatalog tc where tc.Trial_ID= 28635)   INSERT INTO [REGFIELDTRIALS].[dbo].[TrialCatalog] ([Trial_ID],[IRPUser_ID],[SRRLeadUser_ID],[Crop_ID],[Trait_ID],[Site_ID],[TrialYear],[ComplianceStatus],[Name],[Internal],[FarmName],[City],[County],[State],[Zip],[UpdateDateTime],[UpdateUserID],[Archive]) VALUES (28635,2,2,1,1,9,2014,'Stewarded','Jim Boots - East 80',1,'JIM BOOTS FIELDS','REDWOOD FALLS','Redwood','MN','56283',GETDATE(), 'JASPAR',0) ELSE  UPDATE [dbo].[TrialCatalog] SET  [IRPUser_ID] = 2, [SRRLeadUser_ID] = 2, [Crop_ID] = 1, [Trait_ID] = 1, [Site_ID] = 9, [TrialYear] =2014, [ComplianceStatus] = 'Stewarded',[Name] = 'Jim Boots - East 80',[Internal] =1,[FarmName] = 'JIM BOOTS FIELDS',[City] = 'REDWOOD FALLS',[State] = 'Redwood',[Zip] = 'MN',[County] = '56283',[UpdateDateTime]=GETDATE(),[UpdateUserID] = 'JASPAR' WHERE [Trial_ID] = 28635
 IF NOT EXISTS(select tc.Trait_ID from TrialCatalog tc where tc.Trial_ID= 28636)   INSERT INTO [REGFIELDTRIALS].[dbo].[TrialCatalog] ([Trial_ID],[IRPUser_ID],[SRRLeadUser_ID],[Crop_ID],[Trait_ID],[Site_ID],[TrialYear],[ComplianceStatus],[Name],[Internal],[FarmName],[City],[County],[State],[Zip],[UpdateDateTime],[UpdateUserID],[Archive]) VALUES (28636,2,2,1,1,9,2014,'Stewarded','Jim Boots - West 80',1,'JIM BOOTS FIELDS','REDWOOD FALLS','Redwood','MN','56283',GETDATE(), 'JASPAR',0) ELSE  UPDATE [dbo].[TrialCatalog] SET  [IRPUser_ID] = 2, [SRRLeadUser_ID] = 2, [Crop_ID] = 1, [Trait_ID] = 1, [Site_ID] = 9, [TrialYear] =2014, [ComplianceStatus] = 'Stewarded',[Name] = 'Jim Boots - West 80',[Internal] =1,[FarmName] = 'JIM BOOTS FIELDS',[City] = 'REDWOOD FALLS',[State] = 'Redwood',[Zip] = 'MN',[County] = '56283',[UpdateDateTime]=GETDATE(),[UpdateUserID] = 'JASPAR' WHERE [Trial_ID] = 28636
 IF NOT EXISTS(select tc.Trait_ID from TrialCatalog tc where tc.Trial_ID= 28637)   INSERT INTO [REGFIELDTRIALS].[dbo].[TrialCatalog] ([Trial_ID],[IRPUser_ID],[SRRLeadUser_ID],[Crop_ID],[Trait_ID],[Site_ID],[TrialYear],[ComplianceStatus],[Name],[Internal],[FarmName],[City],[County],[State],[Zip],[UpdateDateTime],[UpdateUserID],[Archive]) VALUES (28637,2,2,1,1,9,2014,'Stewarded','Bruce Tiffany - Weeks',1,'BRUCE TIFFANY WEEKS','REDWOOD FALLS','Redwood','MN','56283',GETDATE(), 'JASPAR',0) ELSE  UPDATE [dbo].[TrialCatalog] SET  [IRPUser_ID] = 2, [SRRLeadUser_ID] = 2, [Crop_ID] = 1, [Trait_ID] = 1, [Site_ID] = 9, [TrialYear] =2014, [ComplianceStatus] = 'Stewarded',[Name] = 'Bruce Tiffany - Weeks',[Internal] =1,[FarmName] = 'BRUCE TIFFANY WEEKS',[City] = 'REDWOOD FALLS',[State] = 'Redwood',[Zip] = 'MN',[County] = '56283',[UpdateDateTime]=GETDATE(),[UpdateUserID] = 'JASPAR' WHERE [Trial_ID] = 28637

--COMMIT TRAN
--ROLLBACK TRAN
--SRRUser_Trial_Xref
--DEV
--old values	new values
--11			25
--12			7
--13			26
--14			8
--15			27
if  @@SERVERNAME = 'STLWFIDODEV01'
BEGIN
begin tran
INSERT INTO [REGFIELDTRIALS].[dbo].[SRRUser_Trial_Xref] ([SRRUser_ID],[Trial_ID],[UpdateDateTime],[UpdateUserID],[PrimarySRR]) VALUES (25,52255402,GETDATE(),'JASPAR',1)
INSERT INTO [REGFIELDTRIALS].[dbo].[SRRUser_Trial_Xref] ([SRRUser_ID],[Trial_ID],[UpdateDateTime],[UpdateUserID],[PrimarySRR]) VALUES (7,52255408,GETDATE(),'JASPAR',1)
INSERT INTO [REGFIELDTRIALS].[dbo].[SRRUser_Trial_Xref] ([SRRUser_ID],[Trial_ID],[UpdateDateTime],[UpdateUserID],[PrimarySRR]) VALUES (26,52255414,GETDATE(),'JASPAR',1)
INSERT INTO [REGFIELDTRIALS].[dbo].[SRRUser_Trial_Xref] ([SRRUser_ID],[Trial_ID],[UpdateDateTime],[UpdateUserID],[PrimarySRR]) VALUES (8,52255421,GETDATE(),'JASPAR',1)
INSERT INTO [REGFIELDTRIALS].[dbo].[SRRUser_Trial_Xref] ([SRRUser_ID],[Trial_ID],[UpdateDateTime],[UpdateUserID],[PrimarySRR]) VALUES (25,52255427,GETDATE(),'JASPAR',1)
INSERT INTO [REGFIELDTRIALS].[dbo].[SRRUser_Trial_Xref] ([SRRUser_ID],[Trial_ID],[UpdateDateTime],[UpdateUserID],[PrimarySRR]) VALUES (7,52250120,GETDATE(),'JASPAR',1)
INSERT INTO [REGFIELDTRIALS].[dbo].[SRRUser_Trial_Xref] ([SRRUser_ID],[Trial_ID],[UpdateDateTime],[UpdateUserID],[PrimarySRR]) VALUES (26,52250205,GETDATE(),'JASPAR',1)
INSERT INTO [REGFIELDTRIALS].[dbo].[SRRUser_Trial_Xref] ([SRRUser_ID],[Trial_ID],[UpdateDateTime],[UpdateUserID],[PrimarySRR]) VALUES (8,52250232,GETDATE(),'JASPAR',1)
INSERT INTO [REGFIELDTRIALS].[dbo].[SRRUser_Trial_Xref] ([SRRUser_ID],[Trial_ID],[UpdateDateTime],[UpdateUserID],[PrimarySRR]) VALUES (25,52250250,GETDATE(),'JASPAR',1)
INSERT INTO [REGFIELDTRIALS].[dbo].[SRRUser_Trial_Xref] ([SRRUser_ID],[Trial_ID],[UpdateDateTime],[UpdateUserID],[PrimarySRR]) VALUES (7,52250256,GETDATE(),'JASPAR',1)
INSERT INTO [REGFIELDTRIALS].[dbo].[SRRUser_Trial_Xref] ([SRRUser_ID],[Trial_ID],[UpdateDateTime],[UpdateUserID],[PrimarySRR]) VALUES (26,52250076,GETDATE(),'JASPAR',1)
INSERT INTO [REGFIELDTRIALS].[dbo].[SRRUser_Trial_Xref] ([SRRUser_ID],[Trial_ID],[UpdateDateTime],[UpdateUserID],[PrimarySRR]) VALUES (8,52250081,GETDATE(),'JASPAR',1)
INSERT INTO [REGFIELDTRIALS].[dbo].[SRRUser_Trial_Xref] ([SRRUser_ID],[Trial_ID],[UpdateDateTime],[UpdateUserID],[PrimarySRR]) VALUES (25,52250087,GETDATE(),'JASPAR',1)
INSERT INTO [REGFIELDTRIALS].[dbo].[SRRUser_Trial_Xref] ([SRRUser_ID],[Trial_ID],[UpdateDateTime],[UpdateUserID],[PrimarySRR]) VALUES (7,52250093,GETDATE(),'JASPAR',1)
INSERT INTO [REGFIELDTRIALS].[dbo].[SRRUser_Trial_Xref] ([SRRUser_ID],[Trial_ID],[UpdateDateTime],[UpdateUserID],[PrimarySRR]) VALUES (26,52250106,GETDATE(),'JASPAR',1)
INSERT INTO [REGFIELDTRIALS].[dbo].[SRRUser_Trial_Xref] ([SRRUser_ID],[Trial_ID],[UpdateDateTime],[UpdateUserID],[PrimarySRR]) VALUES (8,52250112,GETDATE(),'JASPAR',1)
INSERT INTO [REGFIELDTRIALS].[dbo].[SRRUser_Trial_Xref] ([SRRUser_ID],[Trial_ID],[UpdateDateTime],[UpdateUserID],[PrimarySRR]) VALUES (25,52250118,GETDATE(),'JASPAR',1)
INSERT INTO [REGFIELDTRIALS].[dbo].[SRRUser_Trial_Xref] ([SRRUser_ID],[Trial_ID],[UpdateDateTime],[UpdateUserID],[PrimarySRR]) VALUES (7,52253066,GETDATE(),'JASPAR',1)
INSERT INTO [REGFIELDTRIALS].[dbo].[SRRUser_Trial_Xref] ([SRRUser_ID],[Trial_ID],[UpdateDateTime],[UpdateUserID],[PrimarySRR]) VALUES (26,52253072,GETDATE(),'JASPAR',1)
INSERT INTO [REGFIELDTRIALS].[dbo].[SRRUser_Trial_Xref] ([SRRUser_ID],[Trial_ID],[UpdateDateTime],[UpdateUserID],[PrimarySRR]) VALUES (8,52253078,GETDATE(),'JASPAR',1)
INSERT INTO [REGFIELDTRIALS].[dbo].[SRRUser_Trial_Xref] ([SRRUser_ID],[Trial_ID],[UpdateDateTime],[UpdateUserID],[PrimarySRR]) VALUES (25,52282907,GETDATE(),'JASPAR',1)
INSERT INTO [REGFIELDTRIALS].[dbo].[SRRUser_Trial_Xref] ([SRRUser_ID],[Trial_ID],[UpdateDateTime],[UpdateUserID],[PrimarySRR]) VALUES (7,52282924,GETDATE(),'JASPAR',1)
INSERT INTO [REGFIELDTRIALS].[dbo].[SRRUser_Trial_Xref] ([SRRUser_ID],[Trial_ID],[UpdateDateTime],[UpdateUserID],[PrimarySRR]) VALUES (26,52282931,GETDATE(),'JASPAR',1)
INSERT INTO [REGFIELDTRIALS].[dbo].[SRRUser_Trial_Xref] ([SRRUser_ID],[Trial_ID],[UpdateDateTime],[UpdateUserID],[PrimarySRR]) VALUES (8,52282950,GETDATE(),'JASPAR',1)
INSERT INTO [REGFIELDTRIALS].[dbo].[SRRUser_Trial_Xref] ([SRRUser_ID],[Trial_ID],[UpdateDateTime],[UpdateUserID],[PrimarySRR]) VALUES (25,52282963,GETDATE(),'JASPAR',1)
INSERT INTO [REGFIELDTRIALS].[dbo].[SRRUser_Trial_Xref] ([SRRUser_ID],[Trial_ID],[UpdateDateTime],[UpdateUserID],[PrimarySRR]) VALUES (7,52240762,GETDATE(),'JASPAR',1)
INSERT INTO [REGFIELDTRIALS].[dbo].[SRRUser_Trial_Xref] ([SRRUser_ID],[Trial_ID],[UpdateDateTime],[UpdateUserID],[PrimarySRR]) VALUES (26,52240768,GETDATE(),'JASPAR',1)
INSERT INTO [REGFIELDTRIALS].[dbo].[SRRUser_Trial_Xref] ([SRRUser_ID],[Trial_ID],[UpdateDateTime],[UpdateUserID],[PrimarySRR]) VALUES (8,52240774,GETDATE(),'JASPAR',1)
INSERT INTO [REGFIELDTRIALS].[dbo].[SRRUser_Trial_Xref] ([SRRUser_ID],[Trial_ID],[UpdateDateTime],[UpdateUserID],[PrimarySRR]) VALUES (25,52240782,GETDATE(),'JASPAR',1)
INSERT INTO [REGFIELDTRIALS].[dbo].[SRRUser_Trial_Xref] ([SRRUser_ID],[Trial_ID],[UpdateDateTime],[UpdateUserID],[PrimarySRR]) VALUES (7,52240788,GETDATE(),'JASPAR',1)
INSERT INTO [REGFIELDTRIALS].[dbo].[SRRUser_Trial_Xref] ([SRRUser_ID],[Trial_ID],[UpdateDateTime],[UpdateUserID],[PrimarySRR]) VALUES (26,52239312,GETDATE(),'JASPAR',1)
INSERT INTO [REGFIELDTRIALS].[dbo].[SRRUser_Trial_Xref] ([SRRUser_ID],[Trial_ID],[UpdateDateTime],[UpdateUserID],[PrimarySRR]) VALUES (8,52239318,GETDATE(),'JASPAR',1)
INSERT INTO [REGFIELDTRIALS].[dbo].[SRRUser_Trial_Xref] ([SRRUser_ID],[Trial_ID],[UpdateDateTime],[UpdateUserID],[PrimarySRR]) VALUES (25,52239472,GETDATE(),'JASPAR',1)
INSERT INTO [REGFIELDTRIALS].[dbo].[SRRUser_Trial_Xref] ([SRRUser_ID],[Trial_ID],[UpdateDateTime],[UpdateUserID],[PrimarySRR]) VALUES (7,52239478,GETDATE(),'JASPAR',1)
INSERT INTO [REGFIELDTRIALS].[dbo].[SRRUser_Trial_Xref] ([SRRUser_ID],[Trial_ID],[UpdateDateTime],[UpdateUserID],[PrimarySRR]) VALUES (26,52239512,GETDATE(),'JASPAR',1)
INSERT INTO [REGFIELDTRIALS].[dbo].[SRRUser_Trial_Xref] ([SRRUser_ID],[Trial_ID],[UpdateDateTime],[UpdateUserID],[PrimarySRR]) VALUES (8,52241461,GETDATE(),'JASPAR',1)
INSERT INTO [REGFIELDTRIALS].[dbo].[SRRUser_Trial_Xref] ([SRRUser_ID],[Trial_ID],[UpdateDateTime],[UpdateUserID],[PrimarySRR]) VALUES (25,52250684,GETDATE(),'JASPAR',1)
INSERT INTO [REGFIELDTRIALS].[dbo].[SRRUser_Trial_Xref] ([SRRUser_ID],[Trial_ID],[UpdateDateTime],[UpdateUserID],[PrimarySRR]) VALUES (7,52250800,GETDATE(),'JASPAR',1)
INSERT INTO [REGFIELDTRIALS].[dbo].[SRRUser_Trial_Xref] ([SRRUser_ID],[Trial_ID],[UpdateDateTime],[UpdateUserID],[PrimarySRR]) VALUES (26,52250806,GETDATE(),'JASPAR',1)
INSERT INTO [REGFIELDTRIALS].[dbo].[SRRUser_Trial_Xref] ([SRRUser_ID],[Trial_ID],[UpdateDateTime],[UpdateUserID],[PrimarySRR]) VALUES (8,52250832,GETDATE(),'JASPAR',1)
INSERT INTO [REGFIELDTRIALS].[dbo].[SRRUser_Trial_Xref] ([SRRUser_ID],[Trial_ID],[UpdateDateTime],[UpdateUserID],[PrimarySRR]) VALUES (25,52241726,GETDATE(),'JASPAR',1)
INSERT INTO [REGFIELDTRIALS].[dbo].[SRRUser_Trial_Xref] ([SRRUser_ID],[Trial_ID],[UpdateDateTime],[UpdateUserID],[PrimarySRR]) VALUES (7,52241732,GETDATE(),'JASPAR',1)
INSERT INTO [REGFIELDTRIALS].[dbo].[SRRUser_Trial_Xref] ([SRRUser_ID],[Trial_ID],[UpdateDateTime],[UpdateUserID],[PrimarySRR]) VALUES (26,52241742,GETDATE(),'JASPAR',1)
INSERT INTO [REGFIELDTRIALS].[dbo].[SRRUser_Trial_Xref] ([SRRUser_ID],[Trial_ID],[UpdateDateTime],[UpdateUserID],[PrimarySRR]) VALUES (25,52241748,GETDATE(),'JASPAR',1)
INSERT INTO [REGFIELDTRIALS].[dbo].[SRRUser_Trial_Xref] ([SRRUser_ID],[Trial_ID],[UpdateDateTime],[UpdateUserID],[PrimarySRR]) VALUES (7,52241754,GETDATE(),'JASPAR',1)
INSERT INTO [REGFIELDTRIALS].[dbo].[SRRUser_Trial_Xref] ([SRRUser_ID],[Trial_ID],[UpdateDateTime],[UpdateUserID],[PrimarySRR]) VALUES (26,52261019,GETDATE(),'JASPAR',1)
INSERT INTO [REGFIELDTRIALS].[dbo].[SRRUser_Trial_Xref] ([SRRUser_ID],[Trial_ID],[UpdateDateTime],[UpdateUserID],[PrimarySRR]) VALUES (25,52261083,GETDATE(),'JASPAR',1)
INSERT INTO [REGFIELDTRIALS].[dbo].[SRRUser_Trial_Xref] ([SRRUser_ID],[Trial_ID],[UpdateDateTime],[UpdateUserID],[PrimarySRR]) VALUES (7,52261099,GETDATE(),'JASPAR',1)
INSERT INTO [REGFIELDTRIALS].[dbo].[SRRUser_Trial_Xref] ([SRRUser_ID],[Trial_ID],[UpdateDateTime],[UpdateUserID],[PrimarySRR]) VALUES (25,52261112,GETDATE(),'JASPAR',1)
INSERT INTO [REGFIELDTRIALS].[dbo].[SRRUser_Trial_Xref] ([SRRUser_ID],[Trial_ID],[UpdateDateTime],[UpdateUserID],[PrimarySRR]) VALUES (7,52261126,GETDATE(),'JASPAR',1)
INSERT INTO [REGFIELDTRIALS].[dbo].[SRRUser_Trial_Xref] ([SRRUser_ID],[Trial_ID],[UpdateDateTime],[UpdateUserID],[PrimarySRR]) VALUES (25,52261139,GETDATE(),'JASPAR',1)
INSERT INTO [REGFIELDTRIALS].[dbo].[SRRUser_Trial_Xref] ([SRRUser_ID],[Trial_ID],[UpdateDateTime],[UpdateUserID],[PrimarySRR]) VALUES (7,52245835,GETDATE(),'JASPAR',1)
INSERT INTO [REGFIELDTRIALS].[dbo].[SRRUser_Trial_Xref] ([SRRUser_ID],[Trial_ID],[UpdateDateTime],[UpdateUserID],[PrimarySRR]) VALUES (25,52245910,GETDATE(),'JASPAR',1)
INSERT INTO [REGFIELDTRIALS].[dbo].[SRRUser_Trial_Xref] ([SRRUser_ID],[Trial_ID],[UpdateDateTime],[UpdateUserID],[PrimarySRR]) VALUES (25,52245916,GETDATE(),'JASPAR',1)
INSERT INTO [REGFIELDTRIALS].[dbo].[SRRUser_Trial_Xref] ([SRRUser_ID],[Trial_ID],[UpdateDateTime],[UpdateUserID],[PrimarySRR]) VALUES (25,52245976,GETDATE(),'JASPAR',1)
INSERT INTO [REGFIELDTRIALS].[dbo].[SRRUser_Trial_Xref] ([SRRUser_ID],[Trial_ID],[UpdateDateTime],[UpdateUserID],[PrimarySRR]) VALUES (7,27479,GETDATE(),'JASPAR',1)
INSERT INTO [REGFIELDTRIALS].[dbo].[SRRUser_Trial_Xref] ([SRRUser_ID],[Trial_ID],[UpdateDateTime],[UpdateUserID],[PrimarySRR]) VALUES (7,27507,GETDATE(),'JASPAR',1)
INSERT INTO [REGFIELDTRIALS].[dbo].[SRRUser_Trial_Xref] ([SRRUser_ID],[Trial_ID],[UpdateDateTime],[UpdateUserID],[PrimarySRR]) VALUES (7,27680,GETDATE(),'JASPAR',1)
INSERT INTO [REGFIELDTRIALS].[dbo].[SRRUser_Trial_Xref] ([SRRUser_ID],[Trial_ID],[UpdateDateTime],[UpdateUserID],[PrimarySRR]) VALUES (7,27681,GETDATE(),'JASPAR',1)
INSERT INTO [REGFIELDTRIALS].[dbo].[SRRUser_Trial_Xref] ([SRRUser_ID],[Trial_ID],[UpdateDateTime],[UpdateUserID],[PrimarySRR]) VALUES (7,27683,GETDATE(),'JASPAR',1)
INSERT INTO [REGFIELDTRIALS].[dbo].[SRRUser_Trial_Xref] ([SRRUser_ID],[Trial_ID],[UpdateDateTime],[UpdateUserID],[PrimarySRR]) VALUES (7,27773,GETDATE(),'JASPAR',1)
INSERT INTO [REGFIELDTRIALS].[dbo].[SRRUser_Trial_Xref] ([SRRUser_ID],[Trial_ID],[UpdateDateTime],[UpdateUserID],[PrimarySRR]) VALUES (8,27789,GETDATE(),'JASPAR',1)
INSERT INTO [REGFIELDTRIALS].[dbo].[SRRUser_Trial_Xref] ([SRRUser_ID],[Trial_ID],[UpdateDateTime],[UpdateUserID],[PrimarySRR]) VALUES (8,27790,GETDATE(),'JASPAR',1)
INSERT INTO [REGFIELDTRIALS].[dbo].[SRRUser_Trial_Xref] ([SRRUser_ID],[Trial_ID],[UpdateDateTime],[UpdateUserID],[PrimarySRR]) VALUES (8,27835,GETDATE(),'JASPAR',1)
INSERT INTO [REGFIELDTRIALS].[dbo].[SRRUser_Trial_Xref] ([SRRUser_ID],[Trial_ID],[UpdateDateTime],[UpdateUserID],[PrimarySRR]) VALUES (8,27836,GETDATE(),'JASPAR',1)
INSERT INTO [REGFIELDTRIALS].[dbo].[SRRUser_Trial_Xref] ([SRRUser_ID],[Trial_ID],[UpdateDateTime],[UpdateUserID],[PrimarySRR]) VALUES (8,27837,GETDATE(),'JASPAR',1)
INSERT INTO [REGFIELDTRIALS].[dbo].[SRRUser_Trial_Xref] ([SRRUser_ID],[Trial_ID],[UpdateDateTime],[UpdateUserID],[PrimarySRR]) VALUES (8,27952,GETDATE(),'JASPAR',1)
INSERT INTO [REGFIELDTRIALS].[dbo].[SRRUser_Trial_Xref] ([SRRUser_ID],[Trial_ID],[UpdateDateTime],[UpdateUserID],[PrimarySRR]) VALUES (8,27953,GETDATE(),'JASPAR',1)
INSERT INTO [REGFIELDTRIALS].[dbo].[SRRUser_Trial_Xref] ([SRRUser_ID],[Trial_ID],[UpdateDateTime],[UpdateUserID],[PrimarySRR]) VALUES (25,28630,GETDATE(),'JASPAR',1)
INSERT INTO [REGFIELDTRIALS].[dbo].[SRRUser_Trial_Xref] ([SRRUser_ID],[Trial_ID],[UpdateDateTime],[UpdateUserID],[PrimarySRR]) VALUES (25,28631,GETDATE(),'JASPAR',1)
INSERT INTO [REGFIELDTRIALS].[dbo].[SRRUser_Trial_Xref] ([SRRUser_ID],[Trial_ID],[UpdateDateTime],[UpdateUserID],[PrimarySRR]) VALUES (25,28632,GETDATE(),'JASPAR',1)
INSERT INTO [REGFIELDTRIALS].[dbo].[SRRUser_Trial_Xref] ([SRRUser_ID],[Trial_ID],[UpdateDateTime],[UpdateUserID],[PrimarySRR]) VALUES (25,28633,GETDATE(),'JASPAR',1)
INSERT INTO [REGFIELDTRIALS].[dbo].[SRRUser_Trial_Xref] ([SRRUser_ID],[Trial_ID],[UpdateDateTime],[UpdateUserID],[PrimarySRR]) VALUES (25,28634,GETDATE(),'JASPAR',1)
INSERT INTO [REGFIELDTRIALS].[dbo].[SRRUser_Trial_Xref] ([SRRUser_ID],[Trial_ID],[UpdateDateTime],[UpdateUserID],[PrimarySRR]) VALUES (25,28635,GETDATE(),'JASPAR',1)
INSERT INTO [REGFIELDTRIALS].[dbo].[SRRUser_Trial_Xref] ([SRRUser_ID],[Trial_ID],[UpdateDateTime],[UpdateUserID],[PrimarySRR]) VALUES (25,28636,GETDATE(),'JASPAR',1)
INSERT INTO [REGFIELDTRIALS].[dbo].[SRRUser_Trial_Xref] ([SRRUser_ID],[Trial_ID],[UpdateDateTime],[UpdateUserID],[PrimarySRR]) VALUES (25,28637,GETDATE(),'JASPAR',1)
END

--TEST
--old values	new values
--11			18
--12			7
--13			19
--14			8
--15			20
if  @@SERVERNAME = 'STLWFIDOTST01'
BEGIN
INSERT INTO [REGFIELDTRIALS].[dbo].[SRRUser_Trial_Xref] ([SRRUser_ID],[Trial_ID],[UpdateDateTime],[UpdateUserID],[PrimarySRR]) VALUES (18,52255402,GETDATE(),'JASPAR',1)
INSERT INTO [REGFIELDTRIALS].[dbo].[SRRUser_Trial_Xref] ([SRRUser_ID],[Trial_ID],[UpdateDateTime],[UpdateUserID],[PrimarySRR]) VALUES (7,52255408,GETDATE(),'JASPAR',1)
INSERT INTO [REGFIELDTRIALS].[dbo].[SRRUser_Trial_Xref] ([SRRUser_ID],[Trial_ID],[UpdateDateTime],[UpdateUserID],[PrimarySRR]) VALUES (19,52255414,GETDATE(),'JASPAR',1)
INSERT INTO [REGFIELDTRIALS].[dbo].[SRRUser_Trial_Xref] ([SRRUser_ID],[Trial_ID],[UpdateDateTime],[UpdateUserID],[PrimarySRR]) VALUES (8,52255421,GETDATE(),'JASPAR',1)
INSERT INTO [REGFIELDTRIALS].[dbo].[SRRUser_Trial_Xref] ([SRRUser_ID],[Trial_ID],[UpdateDateTime],[UpdateUserID],[PrimarySRR]) VALUES (18,52255427,GETDATE(),'JASPAR',1)
INSERT INTO [REGFIELDTRIALS].[dbo].[SRRUser_Trial_Xref] ([SRRUser_ID],[Trial_ID],[UpdateDateTime],[UpdateUserID],[PrimarySRR]) VALUES (7,52250120,GETDATE(),'JASPAR',1)
INSERT INTO [REGFIELDTRIALS].[dbo].[SRRUser_Trial_Xref] ([SRRUser_ID],[Trial_ID],[UpdateDateTime],[UpdateUserID],[PrimarySRR]) VALUES (19,52250205,GETDATE(),'JASPAR',1)
INSERT INTO [REGFIELDTRIALS].[dbo].[SRRUser_Trial_Xref] ([SRRUser_ID],[Trial_ID],[UpdateDateTime],[UpdateUserID],[PrimarySRR]) VALUES (8,52250232,GETDATE(),'JASPAR',1)
INSERT INTO [REGFIELDTRIALS].[dbo].[SRRUser_Trial_Xref] ([SRRUser_ID],[Trial_ID],[UpdateDateTime],[UpdateUserID],[PrimarySRR]) VALUES (18,52250250,GETDATE(),'JASPAR',1)
INSERT INTO [REGFIELDTRIALS].[dbo].[SRRUser_Trial_Xref] ([SRRUser_ID],[Trial_ID],[UpdateDateTime],[UpdateUserID],[PrimarySRR]) VALUES (7,52250256,GETDATE(),'JASPAR',1)
INSERT INTO [REGFIELDTRIALS].[dbo].[SRRUser_Trial_Xref] ([SRRUser_ID],[Trial_ID],[UpdateDateTime],[UpdateUserID],[PrimarySRR]) VALUES (19,52250076,GETDATE(),'JASPAR',1)
INSERT INTO [REGFIELDTRIALS].[dbo].[SRRUser_Trial_Xref] ([SRRUser_ID],[Trial_ID],[UpdateDateTime],[UpdateUserID],[PrimarySRR]) VALUES (8,52250081,GETDATE(),'JASPAR',1)
INSERT INTO [REGFIELDTRIALS].[dbo].[SRRUser_Trial_Xref] ([SRRUser_ID],[Trial_ID],[UpdateDateTime],[UpdateUserID],[PrimarySRR]) VALUES (18,52250087,GETDATE(),'JASPAR',1)
INSERT INTO [REGFIELDTRIALS].[dbo].[SRRUser_Trial_Xref] ([SRRUser_ID],[Trial_ID],[UpdateDateTime],[UpdateUserID],[PrimarySRR]) VALUES (7,52250093,GETDATE(),'JASPAR',1)
INSERT INTO [REGFIELDTRIALS].[dbo].[SRRUser_Trial_Xref] ([SRRUser_ID],[Trial_ID],[UpdateDateTime],[UpdateUserID],[PrimarySRR]) VALUES (19,52250106,GETDATE(),'JASPAR',1)
INSERT INTO [REGFIELDTRIALS].[dbo].[SRRUser_Trial_Xref] ([SRRUser_ID],[Trial_ID],[UpdateDateTime],[UpdateUserID],[PrimarySRR]) VALUES (8,52250112,GETDATE(),'JASPAR',1)
INSERT INTO [REGFIELDTRIALS].[dbo].[SRRUser_Trial_Xref] ([SRRUser_ID],[Trial_ID],[UpdateDateTime],[UpdateUserID],[PrimarySRR]) VALUES (18,52250118,GETDATE(),'JASPAR',1)
INSERT INTO [REGFIELDTRIALS].[dbo].[SRRUser_Trial_Xref] ([SRRUser_ID],[Trial_ID],[UpdateDateTime],[UpdateUserID],[PrimarySRR]) VALUES (7,52253066,GETDATE(),'JASPAR',1)
INSERT INTO [REGFIELDTRIALS].[dbo].[SRRUser_Trial_Xref] ([SRRUser_ID],[Trial_ID],[UpdateDateTime],[UpdateUserID],[PrimarySRR]) VALUES (19,52253072,GETDATE(),'JASPAR',1)
INSERT INTO [REGFIELDTRIALS].[dbo].[SRRUser_Trial_Xref] ([SRRUser_ID],[Trial_ID],[UpdateDateTime],[UpdateUserID],[PrimarySRR]) VALUES (8,52253078,GETDATE(),'JASPAR',1)
INSERT INTO [REGFIELDTRIALS].[dbo].[SRRUser_Trial_Xref] ([SRRUser_ID],[Trial_ID],[UpdateDateTime],[UpdateUserID],[PrimarySRR]) VALUES (18,52282907,GETDATE(),'JASPAR',1)
INSERT INTO [REGFIELDTRIALS].[dbo].[SRRUser_Trial_Xref] ([SRRUser_ID],[Trial_ID],[UpdateDateTime],[UpdateUserID],[PrimarySRR]) VALUES (7,52282924,GETDATE(),'JASPAR',1)
INSERT INTO [REGFIELDTRIALS].[dbo].[SRRUser_Trial_Xref] ([SRRUser_ID],[Trial_ID],[UpdateDateTime],[UpdateUserID],[PrimarySRR]) VALUES (19,52282931,GETDATE(),'JASPAR',1)
INSERT INTO [REGFIELDTRIALS].[dbo].[SRRUser_Trial_Xref] ([SRRUser_ID],[Trial_ID],[UpdateDateTime],[UpdateUserID],[PrimarySRR]) VALUES (8,52282950,GETDATE(),'JASPAR',1)
INSERT INTO [REGFIELDTRIALS].[dbo].[SRRUser_Trial_Xref] ([SRRUser_ID],[Trial_ID],[UpdateDateTime],[UpdateUserID],[PrimarySRR]) VALUES (18,52282963,GETDATE(),'JASPAR',1)
INSERT INTO [REGFIELDTRIALS].[dbo].[SRRUser_Trial_Xref] ([SRRUser_ID],[Trial_ID],[UpdateDateTime],[UpdateUserID],[PrimarySRR]) VALUES (7,52240762,GETDATE(),'JASPAR',1)
INSERT INTO [REGFIELDTRIALS].[dbo].[SRRUser_Trial_Xref] ([SRRUser_ID],[Trial_ID],[UpdateDateTime],[UpdateUserID],[PrimarySRR]) VALUES (19,52240768,GETDATE(),'JASPAR',1)
INSERT INTO [REGFIELDTRIALS].[dbo].[SRRUser_Trial_Xref] ([SRRUser_ID],[Trial_ID],[UpdateDateTime],[UpdateUserID],[PrimarySRR]) VALUES (8,52240774,GETDATE(),'JASPAR',1)
INSERT INTO [REGFIELDTRIALS].[dbo].[SRRUser_Trial_Xref] ([SRRUser_ID],[Trial_ID],[UpdateDateTime],[UpdateUserID],[PrimarySRR]) VALUES (18,52240782,GETDATE(),'JASPAR',1)
INSERT INTO [REGFIELDTRIALS].[dbo].[SRRUser_Trial_Xref] ([SRRUser_ID],[Trial_ID],[UpdateDateTime],[UpdateUserID],[PrimarySRR]) VALUES (7,52240788,GETDATE(),'JASPAR',1)
INSERT INTO [REGFIELDTRIALS].[dbo].[SRRUser_Trial_Xref] ([SRRUser_ID],[Trial_ID],[UpdateDateTime],[UpdateUserID],[PrimarySRR]) VALUES (19,52239312,GETDATE(),'JASPAR',1)
INSERT INTO [REGFIELDTRIALS].[dbo].[SRRUser_Trial_Xref] ([SRRUser_ID],[Trial_ID],[UpdateDateTime],[UpdateUserID],[PrimarySRR]) VALUES (8,52239318,GETDATE(),'JASPAR',1)
INSERT INTO [REGFIELDTRIALS].[dbo].[SRRUser_Trial_Xref] ([SRRUser_ID],[Trial_ID],[UpdateDateTime],[UpdateUserID],[PrimarySRR]) VALUES (18,52239472,GETDATE(),'JASPAR',1)
INSERT INTO [REGFIELDTRIALS].[dbo].[SRRUser_Trial_Xref] ([SRRUser_ID],[Trial_ID],[UpdateDateTime],[UpdateUserID],[PrimarySRR]) VALUES (7,52239478,GETDATE(),'JASPAR',1)
INSERT INTO [REGFIELDTRIALS].[dbo].[SRRUser_Trial_Xref] ([SRRUser_ID],[Trial_ID],[UpdateDateTime],[UpdateUserID],[PrimarySRR]) VALUES (19,52239512,GETDATE(),'JASPAR',1)
INSERT INTO [REGFIELDTRIALS].[dbo].[SRRUser_Trial_Xref] ([SRRUser_ID],[Trial_ID],[UpdateDateTime],[UpdateUserID],[PrimarySRR]) VALUES (8,52241461,GETDATE(),'JASPAR',1)
INSERT INTO [REGFIELDTRIALS].[dbo].[SRRUser_Trial_Xref] ([SRRUser_ID],[Trial_ID],[UpdateDateTime],[UpdateUserID],[PrimarySRR]) VALUES (18,52250684,GETDATE(),'JASPAR',1)
INSERT INTO [REGFIELDTRIALS].[dbo].[SRRUser_Trial_Xref] ([SRRUser_ID],[Trial_ID],[UpdateDateTime],[UpdateUserID],[PrimarySRR]) VALUES (7,52250800,GETDATE(),'JASPAR',1)
INSERT INTO [REGFIELDTRIALS].[dbo].[SRRUser_Trial_Xref] ([SRRUser_ID],[Trial_ID],[UpdateDateTime],[UpdateUserID],[PrimarySRR]) VALUES (19,52250806,GETDATE(),'JASPAR',1)
INSERT INTO [REGFIELDTRIALS].[dbo].[SRRUser_Trial_Xref] ([SRRUser_ID],[Trial_ID],[UpdateDateTime],[UpdateUserID],[PrimarySRR]) VALUES (8,52250832,GETDATE(),'JASPAR',1)
INSERT INTO [REGFIELDTRIALS].[dbo].[SRRUser_Trial_Xref] ([SRRUser_ID],[Trial_ID],[UpdateDateTime],[UpdateUserID],[PrimarySRR]) VALUES (18,52241726,GETDATE(),'JASPAR',1)
INSERT INTO [REGFIELDTRIALS].[dbo].[SRRUser_Trial_Xref] ([SRRUser_ID],[Trial_ID],[UpdateDateTime],[UpdateUserID],[PrimarySRR]) VALUES (7,52241732,GETDATE(),'JASPAR',1)
INSERT INTO [REGFIELDTRIALS].[dbo].[SRRUser_Trial_Xref] ([SRRUser_ID],[Trial_ID],[UpdateDateTime],[UpdateUserID],[PrimarySRR]) VALUES (19,52241742,GETDATE(),'JASPAR',1)
INSERT INTO [REGFIELDTRIALS].[dbo].[SRRUser_Trial_Xref] ([SRRUser_ID],[Trial_ID],[UpdateDateTime],[UpdateUserID],[PrimarySRR]) VALUES (18,52241748,GETDATE(),'JASPAR',1)
INSERT INTO [REGFIELDTRIALS].[dbo].[SRRUser_Trial_Xref] ([SRRUser_ID],[Trial_ID],[UpdateDateTime],[UpdateUserID],[PrimarySRR]) VALUES (7,52241754,GETDATE(),'JASPAR',1)
INSERT INTO [REGFIELDTRIALS].[dbo].[SRRUser_Trial_Xref] ([SRRUser_ID],[Trial_ID],[UpdateDateTime],[UpdateUserID],[PrimarySRR]) VALUES (19,52261019,GETDATE(),'JASPAR',1)
INSERT INTO [REGFIELDTRIALS].[dbo].[SRRUser_Trial_Xref] ([SRRUser_ID],[Trial_ID],[UpdateDateTime],[UpdateUserID],[PrimarySRR]) VALUES (18,52261083,GETDATE(),'JASPAR',1)
INSERT INTO [REGFIELDTRIALS].[dbo].[SRRUser_Trial_Xref] ([SRRUser_ID],[Trial_ID],[UpdateDateTime],[UpdateUserID],[PrimarySRR]) VALUES (7,52261099,GETDATE(),'JASPAR',1)
INSERT INTO [REGFIELDTRIALS].[dbo].[SRRUser_Trial_Xref] ([SRRUser_ID],[Trial_ID],[UpdateDateTime],[UpdateUserID],[PrimarySRR]) VALUES (18,52261112,GETDATE(),'JASPAR',1)
INSERT INTO [REGFIELDTRIALS].[dbo].[SRRUser_Trial_Xref] ([SRRUser_ID],[Trial_ID],[UpdateDateTime],[UpdateUserID],[PrimarySRR]) VALUES (7,52261126,GETDATE(),'JASPAR',1)
INSERT INTO [REGFIELDTRIALS].[dbo].[SRRUser_Trial_Xref] ([SRRUser_ID],[Trial_ID],[UpdateDateTime],[UpdateUserID],[PrimarySRR]) VALUES (18,52261139,GETDATE(),'JASPAR',1)
INSERT INTO [REGFIELDTRIALS].[dbo].[SRRUser_Trial_Xref] ([SRRUser_ID],[Trial_ID],[UpdateDateTime],[UpdateUserID],[PrimarySRR]) VALUES (7,52245835,GETDATE(),'JASPAR',1)
INSERT INTO [REGFIELDTRIALS].[dbo].[SRRUser_Trial_Xref] ([SRRUser_ID],[Trial_ID],[UpdateDateTime],[UpdateUserID],[PrimarySRR]) VALUES (18,52245910,GETDATE(),'JASPAR',1)
INSERT INTO [REGFIELDTRIALS].[dbo].[SRRUser_Trial_Xref] ([SRRUser_ID],[Trial_ID],[UpdateDateTime],[UpdateUserID],[PrimarySRR]) VALUES (18,52245916,GETDATE(),'JASPAR',1)
INSERT INTO [REGFIELDTRIALS].[dbo].[SRRUser_Trial_Xref] ([SRRUser_ID],[Trial_ID],[UpdateDateTime],[UpdateUserID],[PrimarySRR]) VALUES (18,52245976,GETDATE(),'JASPAR',1)
INSERT INTO [REGFIELDTRIALS].[dbo].[SRRUser_Trial_Xref] ([SRRUser_ID],[Trial_ID],[UpdateDateTime],[UpdateUserID],[PrimarySRR]) VALUES (7,27479,GETDATE(),'JASPAR',1)
INSERT INTO [REGFIELDTRIALS].[dbo].[SRRUser_Trial_Xref] ([SRRUser_ID],[Trial_ID],[UpdateDateTime],[UpdateUserID],[PrimarySRR]) VALUES (7,27507,GETDATE(),'JASPAR',1)
INSERT INTO [REGFIELDTRIALS].[dbo].[SRRUser_Trial_Xref] ([SRRUser_ID],[Trial_ID],[UpdateDateTime],[UpdateUserID],[PrimarySRR]) VALUES (7,27680,GETDATE(),'JASPAR',1)
INSERT INTO [REGFIELDTRIALS].[dbo].[SRRUser_Trial_Xref] ([SRRUser_ID],[Trial_ID],[UpdateDateTime],[UpdateUserID],[PrimarySRR]) VALUES (7,27681,GETDATE(),'JASPAR',1)
INSERT INTO [REGFIELDTRIALS].[dbo].[SRRUser_Trial_Xref] ([SRRUser_ID],[Trial_ID],[UpdateDateTime],[UpdateUserID],[PrimarySRR]) VALUES (7,27683,GETDATE(),'JASPAR',1)
INSERT INTO [REGFIELDTRIALS].[dbo].[SRRUser_Trial_Xref] ([SRRUser_ID],[Trial_ID],[UpdateDateTime],[UpdateUserID],[PrimarySRR]) VALUES (7,27773,GETDATE(),'JASPAR',1)
INSERT INTO [REGFIELDTRIALS].[dbo].[SRRUser_Trial_Xref] ([SRRUser_ID],[Trial_ID],[UpdateDateTime],[UpdateUserID],[PrimarySRR]) VALUES (8,27789,GETDATE(),'JASPAR',1)
INSERT INTO [REGFIELDTRIALS].[dbo].[SRRUser_Trial_Xref] ([SRRUser_ID],[Trial_ID],[UpdateDateTime],[UpdateUserID],[PrimarySRR]) VALUES (8,27790,GETDATE(),'JASPAR',1)
INSERT INTO [REGFIELDTRIALS].[dbo].[SRRUser_Trial_Xref] ([SRRUser_ID],[Trial_ID],[UpdateDateTime],[UpdateUserID],[PrimarySRR]) VALUES (8,27835,GETDATE(),'JASPAR',1)
INSERT INTO [REGFIELDTRIALS].[dbo].[SRRUser_Trial_Xref] ([SRRUser_ID],[Trial_ID],[UpdateDateTime],[UpdateUserID],[PrimarySRR]) VALUES (8,27836,GETDATE(),'JASPAR',1)
INSERT INTO [REGFIELDTRIALS].[dbo].[SRRUser_Trial_Xref] ([SRRUser_ID],[Trial_ID],[UpdateDateTime],[UpdateUserID],[PrimarySRR]) VALUES (8,27837,GETDATE(),'JASPAR',1)
INSERT INTO [REGFIELDTRIALS].[dbo].[SRRUser_Trial_Xref] ([SRRUser_ID],[Trial_ID],[UpdateDateTime],[UpdateUserID],[PrimarySRR]) VALUES (8,27952,GETDATE(),'JASPAR',1)
INSERT INTO [REGFIELDTRIALS].[dbo].[SRRUser_Trial_Xref] ([SRRUser_ID],[Trial_ID],[UpdateDateTime],[UpdateUserID],[PrimarySRR]) VALUES (8,27953,GETDATE(),'JASPAR',1)
INSERT INTO [REGFIELDTRIALS].[dbo].[SRRUser_Trial_Xref] ([SRRUser_ID],[Trial_ID],[UpdateDateTime],[UpdateUserID],[PrimarySRR]) VALUES (18,28630,GETDATE(),'JASPAR',1)
INSERT INTO [REGFIELDTRIALS].[dbo].[SRRUser_Trial_Xref] ([SRRUser_ID],[Trial_ID],[UpdateDateTime],[UpdateUserID],[PrimarySRR]) VALUES (18,28631,GETDATE(),'JASPAR',1)
INSERT INTO [REGFIELDTRIALS].[dbo].[SRRUser_Trial_Xref] ([SRRUser_ID],[Trial_ID],[UpdateDateTime],[UpdateUserID],[PrimarySRR]) VALUES (18,28632,GETDATE(),'JASPAR',1)
INSERT INTO [REGFIELDTRIALS].[dbo].[SRRUser_Trial_Xref] ([SRRUser_ID],[Trial_ID],[UpdateDateTime],[UpdateUserID],[PrimarySRR]) VALUES (18,28633,GETDATE(),'JASPAR',1)
INSERT INTO [REGFIELDTRIALS].[dbo].[SRRUser_Trial_Xref] ([SRRUser_ID],[Trial_ID],[UpdateDateTime],[UpdateUserID],[PrimarySRR]) VALUES (18,28634,GETDATE(),'JASPAR',1)
INSERT INTO [REGFIELDTRIALS].[dbo].[SRRUser_Trial_Xref] ([SRRUser_ID],[Trial_ID],[UpdateDateTime],[UpdateUserID],[PrimarySRR]) VALUES (18,28635,GETDATE(),'JASPAR',1)
INSERT INTO [REGFIELDTRIALS].[dbo].[SRRUser_Trial_Xref] ([SRRUser_ID],[Trial_ID],[UpdateDateTime],[UpdateUserID],[PrimarySRR]) VALUES (18,28636,GETDATE(),'JASPAR',1)
INSERT INTO [REGFIELDTRIALS].[dbo].[SRRUser_Trial_Xref] ([SRRUser_ID],[Trial_ID],[UpdateDateTime],[UpdateUserID],[PrimarySRR]) VALUES (18,28637,GETDATE(),'JASPAR',1)
END
