use REGFIELDTRIALS
go
-- inserts question	

select * from Question
begin tran
INSERT INTO [REGFIELDTRIALS].[dbo].[Question] ([Question_ID],[QuestionName],[UpdateUserID]) VALUES (171,'Bin_Number','JASPAR')
INSERT INTO [REGFIELDTRIALS].[dbo].[Question] ([Question_ID],[QuestionName],[UpdateUserID]) VALUES (172,'Bin_Location','JASPAR')
INSERT INTO [REGFIELDTRIALS].[dbo].[Question] ([Question_ID],[QuestionName],[UpdateUserID]) VALUES (173,'Bin_Type_of_Storage','JASPAR')
INSERT INTO [REGFIELDTRIALS].[dbo].[Question] ([Question_ID],[QuestionName],[UpdateUserID]) VALUES (174,'Bin_Diameter','JASPAR')
INSERT INTO [REGFIELDTRIALS].[dbo].[Question] ([Question_ID],[QuestionName],[UpdateUserID]) VALUES (175,'Bin_Height','JASPAR')
INSERT INTO [REGFIELDTRIALS].[dbo].[Question] ([Question_ID],[QuestionName],[UpdateUserID]) VALUES (176,'Bin_Capacity','JASPAR')
INSERT INTO [REGFIELDTRIALS].[dbo].[Question] ([Question_ID],[QuestionName],[UpdateUserID]) VALUES (177,'False_Floor','JASPAR')
INSERT INTO [REGFIELDTRIALS].[dbo].[Question] ([Question_ID],[QuestionName],[UpdateUserID]) VALUES (178,'Unloading_Tube_Clearance','JASPAR')
INSERT INTO [REGFIELDTRIALS].[dbo].[Question] ([Question_ID],[QuestionName],[UpdateUserID]) VALUES (179,'Access_by_Semi','JASPAR')
INSERT INTO [REGFIELDTRIALS].[dbo].[Question] ([Question_ID],[QuestionName],[UpdateUserID]) VALUES (180,'Distance_to_Rock','JASPAR')
INSERT INTO [REGFIELDTRIALS].[dbo].[Question] ([Question_ID],[QuestionName],[UpdateUserID]) VALUES (181,'Electricity_Near_Bin','JASPAR')
INSERT INTO [REGFIELDTRIALS].[dbo].[Question] ([Question_ID],[QuestionName],[UpdateUserID]) VALUES (182,'Door_on_Top','JASPAR')
INSERT INTO [REGFIELDTRIALS].[dbo].[Question] ([Question_ID],[QuestionName],[UpdateUserID]) VALUES (183,'Aeration_System','JASPAR')
INSERT INTO [REGFIELDTRIALS].[dbo].[Question] ([Question_ID],[QuestionName],[UpdateUserID]) VALUES (184,'Walls_Clean','JASPAR')
INSERT INTO [REGFIELDTRIALS].[dbo].[Question] ([Question_ID],[QuestionName],[UpdateUserID]) VALUES (185,'Floor_Clean','JASPAR')
INSERT INTO [REGFIELDTRIALS].[dbo].[Question] ([Question_ID],[QuestionName],[UpdateUserID]) VALUES (186,'Bin_Approved','JASPAR')
INSERT INTO [REGFIELDTRIALS].[dbo].[Question] ([Question_ID],[QuestionName],[UpdateUserID]) VALUES (187,'Additional_Comments','JASPAR')
INSERT INTO [REGFIELDTRIALS].[dbo].[Question] ([Question_ID],[QuestionName],[UpdateUserID]) VALUES (188,'Bin_Inspected_Date','JASPAR')
INSERT INTO [REGFIELDTRIALS].[dbo].[Question] ([Question_ID],[QuestionName],[UpdateUserID]) VALUES (189,'Bin_Number2','JASPAR')
INSERT INTO [REGFIELDTRIALS].[dbo].[Question] ([Question_ID],[QuestionName],[UpdateUserID]) VALUES (190,'Bin_Location2','JASPAR')
INSERT INTO [REGFIELDTRIALS].[dbo].[Question] ([Question_ID],[QuestionName],[UpdateUserID]) VALUES (191,'Bin_Type_of_Storage2','JASPAR')
INSERT INTO [REGFIELDTRIALS].[dbo].[Question] ([Question_ID],[QuestionName],[UpdateUserID]) VALUES (192,'Bin_Diameter2','JASPAR')
INSERT INTO [REGFIELDTRIALS].[dbo].[Question] ([Question_ID],[QuestionName],[UpdateUserID]) VALUES (193,'Bin_Height2','JASPAR')
INSERT INTO [REGFIELDTRIALS].[dbo].[Question] ([Question_ID],[QuestionName],[UpdateUserID]) VALUES (194,'Bin_Capacity2','JASPAR')
INSERT INTO [REGFIELDTRIALS].[dbo].[Question] ([Question_ID],[QuestionName],[UpdateUserID]) VALUES (195,'False_Floor2','JASPAR')
INSERT INTO [REGFIELDTRIALS].[dbo].[Question] ([Question_ID],[QuestionName],[UpdateUserID]) VALUES (196,'Unloading_Tube_Clearance2','JASPAR')
INSERT INTO [REGFIELDTRIALS].[dbo].[Question] ([Question_ID],[QuestionName],[UpdateUserID]) VALUES (197,'Access_by_Semi2','JASPAR')
INSERT INTO [REGFIELDTRIALS].[dbo].[Question] ([Question_ID],[QuestionName],[UpdateUserID]) VALUES (198,'Distance_to_Rock2','JASPAR')
INSERT INTO [REGFIELDTRIALS].[dbo].[Question] ([Question_ID],[QuestionName],[UpdateUserID]) VALUES (199,'Electricity_Near_Bin2','JASPAR')
INSERT INTO [REGFIELDTRIALS].[dbo].[Question] ([Question_ID],[QuestionName],[UpdateUserID]) VALUES (200,'Door_on_Top2','JASPAR')
INSERT INTO [REGFIELDTRIALS].[dbo].[Question] ([Question_ID],[QuestionName],[UpdateUserID]) VALUES (201,'Aeration_System2','JASPAR')
INSERT INTO [REGFIELDTRIALS].[dbo].[Question] ([Question_ID],[QuestionName],[UpdateUserID]) VALUES (202,'Walls_Clean2','JASPAR')
INSERT INTO [REGFIELDTRIALS].[dbo].[Question] ([Question_ID],[QuestionName],[UpdateUserID]) VALUES (203,'Floor_Clean2','JASPAR')
INSERT INTO [REGFIELDTRIALS].[dbo].[Question] ([Question_ID],[QuestionName],[UpdateUserID]) VALUES (204,'Bin_Approved2','JASPAR')
INSERT INTO [REGFIELDTRIALS].[dbo].[Question] ([Question_ID],[QuestionName],[UpdateUserID]) VALUES (205,'Additional_Comments2','JASPAR')
INSERT INTO [REGFIELDTRIALS].[dbo].[Question] ([Question_ID],[QuestionName],[UpdateUserID]) VALUES (206,'Bin_Inspected_Date2','JASPAR')
INSERT INTO [REGFIELDTRIALS].[dbo].[Question] ([Question_ID],[QuestionName],[UpdateUserID]) VALUES (207,'Bin_Number3','JASPAR')
INSERT INTO [REGFIELDTRIALS].[dbo].[Question] ([Question_ID],[QuestionName],[UpdateUserID]) VALUES (208,'Bin_Location3','JASPAR')
INSERT INTO [REGFIELDTRIALS].[dbo].[Question] ([Question_ID],[QuestionName],[UpdateUserID]) VALUES (209,'Bin_Type_of_Storage3','JASPAR')
INSERT INTO [REGFIELDTRIALS].[dbo].[Question] ([Question_ID],[QuestionName],[UpdateUserID]) VALUES (210,'Bin_Diameter3','JASPAR')
INSERT INTO [REGFIELDTRIALS].[dbo].[Question] ([Question_ID],[QuestionName],[UpdateUserID]) VALUES (211,'Bin_Height3','JASPAR')
INSERT INTO [REGFIELDTRIALS].[dbo].[Question] ([Question_ID],[QuestionName],[UpdateUserID]) VALUES (212,'Bin_Capacity3','JASPAR')
INSERT INTO [REGFIELDTRIALS].[dbo].[Question] ([Question_ID],[QuestionName],[UpdateUserID]) VALUES (213,'False_Floor3','JASPAR')
INSERT INTO [REGFIELDTRIALS].[dbo].[Question] ([Question_ID],[QuestionName],[UpdateUserID]) VALUES (214,'Unloading_Tube_Clearance3','JASPAR')
INSERT INTO [REGFIELDTRIALS].[dbo].[Question] ([Question_ID],[QuestionName],[UpdateUserID]) VALUES (215,'Access_by_Semi3','JASPAR')
INSERT INTO [REGFIELDTRIALS].[dbo].[Question] ([Question_ID],[QuestionName],[UpdateUserID]) VALUES (216,'Distance_to_Rock3','JASPAR')
INSERT INTO [REGFIELDTRIALS].[dbo].[Question] ([Question_ID],[QuestionName],[UpdateUserID]) VALUES (217,'Electricity_Near_Bin3','JASPAR')
INSERT INTO [REGFIELDTRIALS].[dbo].[Question] ([Question_ID],[QuestionName],[UpdateUserID]) VALUES (218,'Door_on_Top3','JASPAR')
INSERT INTO [REGFIELDTRIALS].[dbo].[Question] ([Question_ID],[QuestionName],[UpdateUserID]) VALUES (219,'Aeration_System3','JASPAR')
INSERT INTO [REGFIELDTRIALS].[dbo].[Question] ([Question_ID],[QuestionName],[UpdateUserID]) VALUES (220,'Walls_Clean3','JASPAR')
INSERT INTO [REGFIELDTRIALS].[dbo].[Question] ([Question_ID],[QuestionName],[UpdateUserID]) VALUES (221,'Floor_Clean3','JASPAR')
INSERT INTO [REGFIELDTRIALS].[dbo].[Question] ([Question_ID],[QuestionName],[UpdateUserID]) VALUES (222,'Bin_Approved3','JASPAR')
INSERT INTO [REGFIELDTRIALS].[dbo].[Question] ([Question_ID],[QuestionName],[UpdateUserID]) VALUES (223,'Additional_Comments3','JASPAR')
INSERT INTO [REGFIELDTRIALS].[dbo].[Question] ([Question_ID],[QuestionName],[UpdateUserID]) VALUES (224,'Bin_Inspected_Date3','JASPAR')
INSERT INTO [REGFIELDTRIALS].[dbo].[Question] ([Question_ID],[QuestionName],[UpdateUserID]) VALUES (225,'Bin_Number4','JASPAR')
INSERT INTO [REGFIELDTRIALS].[dbo].[Question] ([Question_ID],[QuestionName],[UpdateUserID]) VALUES (226,'Bin_Location4','JASPAR')
INSERT INTO [REGFIELDTRIALS].[dbo].[Question] ([Question_ID],[QuestionName],[UpdateUserID]) VALUES (227,'Bin_Type_of_Storage4','JASPAR')
INSERT INTO [REGFIELDTRIALS].[dbo].[Question] ([Question_ID],[QuestionName],[UpdateUserID]) VALUES (228,'Bin_Diameter4','JASPAR')
INSERT INTO [REGFIELDTRIALS].[dbo].[Question] ([Question_ID],[QuestionName],[UpdateUserID]) VALUES (229,'Bin_Height4','JASPAR')
INSERT INTO [REGFIELDTRIALS].[dbo].[Question] ([Question_ID],[QuestionName],[UpdateUserID]) VALUES (230,'Bin_Capacity4','JASPAR')
INSERT INTO [REGFIELDTRIALS].[dbo].[Question] ([Question_ID],[QuestionName],[UpdateUserID]) VALUES (231,'False_Floor4','JASPAR')
INSERT INTO [REGFIELDTRIALS].[dbo].[Question] ([Question_ID],[QuestionName],[UpdateUserID]) VALUES (232,'Unloading_Tube_Clearance4','JASPAR')
INSERT INTO [REGFIELDTRIALS].[dbo].[Question] ([Question_ID],[QuestionName],[UpdateUserID]) VALUES (233,'Access_by_Semi4','JASPAR')
INSERT INTO [REGFIELDTRIALS].[dbo].[Question] ([Question_ID],[QuestionName],[UpdateUserID]) VALUES (234,'Distance_to_Rock4','JASPAR')
INSERT INTO [REGFIELDTRIALS].[dbo].[Question] ([Question_ID],[QuestionName],[UpdateUserID]) VALUES (235,'Electricity_Near_Bin4','JASPAR')
INSERT INTO [REGFIELDTRIALS].[dbo].[Question] ([Question_ID],[QuestionName],[UpdateUserID]) VALUES (236,'Door_on_Top4','JASPAR')
INSERT INTO [REGFIELDTRIALS].[dbo].[Question] ([Question_ID],[QuestionName],[UpdateUserID]) VALUES (237,'Aeration_System4','JASPAR')
INSERT INTO [REGFIELDTRIALS].[dbo].[Question] ([Question_ID],[QuestionName],[UpdateUserID]) VALUES (238,'Walls_Clean4','JASPAR')
INSERT INTO [REGFIELDTRIALS].[dbo].[Question] ([Question_ID],[QuestionName],[UpdateUserID]) VALUES (239,'Floor_Clean4','JASPAR')
INSERT INTO [REGFIELDTRIALS].[dbo].[Question] ([Question_ID],[QuestionName],[UpdateUserID]) VALUES (240,'Bin_Approved4','JASPAR')
INSERT INTO [REGFIELDTRIALS].[dbo].[Question] ([Question_ID],[QuestionName],[UpdateUserID]) VALUES (241,'Additional_Comments4','JASPAR')
INSERT INTO [REGFIELDTRIALS].[dbo].[Question] ([Question_ID],[QuestionName],[UpdateUserID]) VALUES (242,'Bin_Inspected_Date4','JASPAR')
INSERT INTO [REGFIELDTRIALS].[dbo].[Question] ([Question_ID],[QuestionName],[UpdateUserID]) VALUES (243,'Bin_Number5','JASPAR')
INSERT INTO [REGFIELDTRIALS].[dbo].[Question] ([Question_ID],[QuestionName],[UpdateUserID]) VALUES (244,'Bin_Location5','JASPAR')
INSERT INTO [REGFIELDTRIALS].[dbo].[Question] ([Question_ID],[QuestionName],[UpdateUserID]) VALUES (245,'Bin_Type_of_Storage5','JASPAR')
INSERT INTO [REGFIELDTRIALS].[dbo].[Question] ([Question_ID],[QuestionName],[UpdateUserID]) VALUES (246,'Bin_Diameter5','JASPAR')
INSERT INTO [REGFIELDTRIALS].[dbo].[Question] ([Question_ID],[QuestionName],[UpdateUserID]) VALUES (247,'Bin_Height5','JASPAR')
INSERT INTO [REGFIELDTRIALS].[dbo].[Question] ([Question_ID],[QuestionName],[UpdateUserID]) VALUES (248,'Bin_Capacity5','JASPAR')
INSERT INTO [REGFIELDTRIALS].[dbo].[Question] ([Question_ID],[QuestionName],[UpdateUserID]) VALUES (249,'False_Floor5','JASPAR')
INSERT INTO [REGFIELDTRIALS].[dbo].[Question] ([Question_ID],[QuestionName],[UpdateUserID]) VALUES (250,'Unloading_Tube_Clearance5','JASPAR')
INSERT INTO [REGFIELDTRIALS].[dbo].[Question] ([Question_ID],[QuestionName],[UpdateUserID]) VALUES (251,'Access_by_Semi5','JASPAR')
INSERT INTO [REGFIELDTRIALS].[dbo].[Question] ([Question_ID],[QuestionName],[UpdateUserID]) VALUES (252,'Distance_to_Rock5','JASPAR')
INSERT INTO [REGFIELDTRIALS].[dbo].[Question] ([Question_ID],[QuestionName],[UpdateUserID]) VALUES (253,'Electricity_Near_Bin5','JASPAR')
INSERT INTO [REGFIELDTRIALS].[dbo].[Question] ([Question_ID],[QuestionName],[UpdateUserID]) VALUES (254,'Door_on_Top5','JASPAR')
INSERT INTO [REGFIELDTRIALS].[dbo].[Question] ([Question_ID],[QuestionName],[UpdateUserID]) VALUES (255,'Aeration_System5','JASPAR')
INSERT INTO [REGFIELDTRIALS].[dbo].[Question] ([Question_ID],[QuestionName],[UpdateUserID]) VALUES (256,'Walls_Clean5','JASPAR')
INSERT INTO [REGFIELDTRIALS].[dbo].[Question] ([Question_ID],[QuestionName],[UpdateUserID]) VALUES (257,'Floor_Clean5','JASPAR')
INSERT INTO [REGFIELDTRIALS].[dbo].[Question] ([Question_ID],[QuestionName],[UpdateUserID]) VALUES (258,'Bin_Approved5','JASPAR')
INSERT INTO [REGFIELDTRIALS].[dbo].[Question] ([Question_ID],[QuestionName],[UpdateUserID]) VALUES (259,'Additional_Comments5','JASPAR')
INSERT INTO [REGFIELDTRIALS].[dbo].[Question] ([Question_ID],[QuestionName],[UpdateUserID]) VALUES (260,'Bin_Inspected_Date5','JASPAR')
commit tran

--select * from workflow where workflow_id = 14
-- insert workflow questions
begin tran
INSERT INTO [REGFIELDTRIALS].[dbo].[WorkflowQuestion] ([Workflow_ID],[Question_ID],[UpdateUserID]) VALUES (14,171,'JASPAR')
INSERT INTO [REGFIELDTRIALS].[dbo].[WorkflowQuestion] ([Workflow_ID],[Question_ID],[UpdateUserID]) VALUES (14,172,'JASPAR')
INSERT INTO [REGFIELDTRIALS].[dbo].[WorkflowQuestion] ([Workflow_ID],[Question_ID],[UpdateUserID]) VALUES (14,173,'JASPAR')
INSERT INTO [REGFIELDTRIALS].[dbo].[WorkflowQuestion] ([Workflow_ID],[Question_ID],[UpdateUserID]) VALUES (14,174,'JASPAR')
INSERT INTO [REGFIELDTRIALS].[dbo].[WorkflowQuestion] ([Workflow_ID],[Question_ID],[UpdateUserID]) VALUES (14,175,'JASPAR')
INSERT INTO [REGFIELDTRIALS].[dbo].[WorkflowQuestion] ([Workflow_ID],[Question_ID],[UpdateUserID]) VALUES (14,176,'JASPAR')
INSERT INTO [REGFIELDTRIALS].[dbo].[WorkflowQuestion] ([Workflow_ID],[Question_ID],[UpdateUserID]) VALUES (14,177,'JASPAR')
INSERT INTO [REGFIELDTRIALS].[dbo].[WorkflowQuestion] ([Workflow_ID],[Question_ID],[UpdateUserID]) VALUES (14,178,'JASPAR')
INSERT INTO [REGFIELDTRIALS].[dbo].[WorkflowQuestion] ([Workflow_ID],[Question_ID],[UpdateUserID]) VALUES (14,179,'JASPAR')
INSERT INTO [REGFIELDTRIALS].[dbo].[WorkflowQuestion] ([Workflow_ID],[Question_ID],[UpdateUserID]) VALUES (14,180,'JASPAR')
INSERT INTO [REGFIELDTRIALS].[dbo].[WorkflowQuestion] ([Workflow_ID],[Question_ID],[UpdateUserID]) VALUES (14,181,'JASPAR')
INSERT INTO [REGFIELDTRIALS].[dbo].[WorkflowQuestion] ([Workflow_ID],[Question_ID],[UpdateUserID]) VALUES (14,182,'JASPAR')
INSERT INTO [REGFIELDTRIALS].[dbo].[WorkflowQuestion] ([Workflow_ID],[Question_ID],[UpdateUserID]) VALUES (14,183,'JASPAR')
INSERT INTO [REGFIELDTRIALS].[dbo].[WorkflowQuestion] ([Workflow_ID],[Question_ID],[UpdateUserID]) VALUES (14,184,'JASPAR')
INSERT INTO [REGFIELDTRIALS].[dbo].[WorkflowQuestion] ([Workflow_ID],[Question_ID],[UpdateUserID]) VALUES (14,185,'JASPAR')
INSERT INTO [REGFIELDTRIALS].[dbo].[WorkflowQuestion] ([Workflow_ID],[Question_ID],[UpdateUserID]) VALUES (14,186,'JASPAR')
INSERT INTO [REGFIELDTRIALS].[dbo].[WorkflowQuestion] ([Workflow_ID],[Question_ID],[UpdateUserID]) VALUES (14,187,'JASPAR')
INSERT INTO [REGFIELDTRIALS].[dbo].[WorkflowQuestion] ([Workflow_ID],[Question_ID],[UpdateUserID]) VALUES (14,188,'JASPAR')
INSERT INTO [REGFIELDTRIALS].[dbo].[WorkflowQuestion] ([Workflow_ID],[Question_ID],[UpdateUserID]) VALUES (14,189,'JASPAR')
INSERT INTO [REGFIELDTRIALS].[dbo].[WorkflowQuestion] ([Workflow_ID],[Question_ID],[UpdateUserID]) VALUES (14,190,'JASPAR')
INSERT INTO [REGFIELDTRIALS].[dbo].[WorkflowQuestion] ([Workflow_ID],[Question_ID],[UpdateUserID]) VALUES (14,191,'JASPAR')
INSERT INTO [REGFIELDTRIALS].[dbo].[WorkflowQuestion] ([Workflow_ID],[Question_ID],[UpdateUserID]) VALUES (14,192,'JASPAR')
INSERT INTO [REGFIELDTRIALS].[dbo].[WorkflowQuestion] ([Workflow_ID],[Question_ID],[UpdateUserID]) VALUES (14,193,'JASPAR')
INSERT INTO [REGFIELDTRIALS].[dbo].[WorkflowQuestion] ([Workflow_ID],[Question_ID],[UpdateUserID]) VALUES (14,194,'JASPAR')
INSERT INTO [REGFIELDTRIALS].[dbo].[WorkflowQuestion] ([Workflow_ID],[Question_ID],[UpdateUserID]) VALUES (14,195,'JASPAR')
INSERT INTO [REGFIELDTRIALS].[dbo].[WorkflowQuestion] ([Workflow_ID],[Question_ID],[UpdateUserID]) VALUES (14,196,'JASPAR')
INSERT INTO [REGFIELDTRIALS].[dbo].[WorkflowQuestion] ([Workflow_ID],[Question_ID],[UpdateUserID]) VALUES (14,197,'JASPAR')
INSERT INTO [REGFIELDTRIALS].[dbo].[WorkflowQuestion] ([Workflow_ID],[Question_ID],[UpdateUserID]) VALUES (14,198,'JASPAR')
INSERT INTO [REGFIELDTRIALS].[dbo].[WorkflowQuestion] ([Workflow_ID],[Question_ID],[UpdateUserID]) VALUES (14,199,'JASPAR')
INSERT INTO [REGFIELDTRIALS].[dbo].[WorkflowQuestion] ([Workflow_ID],[Question_ID],[UpdateUserID]) VALUES (14,200,'JASPAR')
INSERT INTO [REGFIELDTRIALS].[dbo].[WorkflowQuestion] ([Workflow_ID],[Question_ID],[UpdateUserID]) VALUES (14,201,'JASPAR')
INSERT INTO [REGFIELDTRIALS].[dbo].[WorkflowQuestion] ([Workflow_ID],[Question_ID],[UpdateUserID]) VALUES (14,202,'JASPAR')
INSERT INTO [REGFIELDTRIALS].[dbo].[WorkflowQuestion] ([Workflow_ID],[Question_ID],[UpdateUserID]) VALUES (14,203,'JASPAR')
INSERT INTO [REGFIELDTRIALS].[dbo].[WorkflowQuestion] ([Workflow_ID],[Question_ID],[UpdateUserID]) VALUES (14,204,'JASPAR')
INSERT INTO [REGFIELDTRIALS].[dbo].[WorkflowQuestion] ([Workflow_ID],[Question_ID],[UpdateUserID]) VALUES (14,205,'JASPAR')
INSERT INTO [REGFIELDTRIALS].[dbo].[WorkflowQuestion] ([Workflow_ID],[Question_ID],[UpdateUserID]) VALUES (14,206,'JASPAR')
INSERT INTO [REGFIELDTRIALS].[dbo].[WorkflowQuestion] ([Workflow_ID],[Question_ID],[UpdateUserID]) VALUES (14,207,'JASPAR')
INSERT INTO [REGFIELDTRIALS].[dbo].[WorkflowQuestion] ([Workflow_ID],[Question_ID],[UpdateUserID]) VALUES (14,208,'JASPAR')
INSERT INTO [REGFIELDTRIALS].[dbo].[WorkflowQuestion] ([Workflow_ID],[Question_ID],[UpdateUserID]) VALUES (14,209,'JASPAR')
INSERT INTO [REGFIELDTRIALS].[dbo].[WorkflowQuestion] ([Workflow_ID],[Question_ID],[UpdateUserID]) VALUES (14,210,'JASPAR')
INSERT INTO [REGFIELDTRIALS].[dbo].[WorkflowQuestion] ([Workflow_ID],[Question_ID],[UpdateUserID]) VALUES (14,211,'JASPAR')
INSERT INTO [REGFIELDTRIALS].[dbo].[WorkflowQuestion] ([Workflow_ID],[Question_ID],[UpdateUserID]) VALUES (14,212,'JASPAR')
INSERT INTO [REGFIELDTRIALS].[dbo].[WorkflowQuestion] ([Workflow_ID],[Question_ID],[UpdateUserID]) VALUES (14,213,'JASPAR')
INSERT INTO [REGFIELDTRIALS].[dbo].[WorkflowQuestion] ([Workflow_ID],[Question_ID],[UpdateUserID]) VALUES (14,214,'JASPAR')
INSERT INTO [REGFIELDTRIALS].[dbo].[WorkflowQuestion] ([Workflow_ID],[Question_ID],[UpdateUserID]) VALUES (14,215,'JASPAR')
INSERT INTO [REGFIELDTRIALS].[dbo].[WorkflowQuestion] ([Workflow_ID],[Question_ID],[UpdateUserID]) VALUES (14,216,'JASPAR')
INSERT INTO [REGFIELDTRIALS].[dbo].[WorkflowQuestion] ([Workflow_ID],[Question_ID],[UpdateUserID]) VALUES (14,217,'JASPAR')
INSERT INTO [REGFIELDTRIALS].[dbo].[WorkflowQuestion] ([Workflow_ID],[Question_ID],[UpdateUserID]) VALUES (14,218,'JASPAR')
INSERT INTO [REGFIELDTRIALS].[dbo].[WorkflowQuestion] ([Workflow_ID],[Question_ID],[UpdateUserID]) VALUES (14,219,'JASPAR')
INSERT INTO [REGFIELDTRIALS].[dbo].[WorkflowQuestion] ([Workflow_ID],[Question_ID],[UpdateUserID]) VALUES (14,220,'JASPAR')
INSERT INTO [REGFIELDTRIALS].[dbo].[WorkflowQuestion] ([Workflow_ID],[Question_ID],[UpdateUserID]) VALUES (14,221,'JASPAR')
INSERT INTO [REGFIELDTRIALS].[dbo].[WorkflowQuestion] ([Workflow_ID],[Question_ID],[UpdateUserID]) VALUES (14,222,'JASPAR')
INSERT INTO [REGFIELDTRIALS].[dbo].[WorkflowQuestion] ([Workflow_ID],[Question_ID],[UpdateUserID]) VALUES (14,223,'JASPAR')
INSERT INTO [REGFIELDTRIALS].[dbo].[WorkflowQuestion] ([Workflow_ID],[Question_ID],[UpdateUserID]) VALUES (14,224,'JASPAR')
INSERT INTO [REGFIELDTRIALS].[dbo].[WorkflowQuestion] ([Workflow_ID],[Question_ID],[UpdateUserID]) VALUES (14,225,'JASPAR')
INSERT INTO [REGFIELDTRIALS].[dbo].[WorkflowQuestion] ([Workflow_ID],[Question_ID],[UpdateUserID]) VALUES (14,226,'JASPAR')
INSERT INTO [REGFIELDTRIALS].[dbo].[WorkflowQuestion] ([Workflow_ID],[Question_ID],[UpdateUserID]) VALUES (14,227,'JASPAR')
INSERT INTO [REGFIELDTRIALS].[dbo].[WorkflowQuestion] ([Workflow_ID],[Question_ID],[UpdateUserID]) VALUES (14,228,'JASPAR')
INSERT INTO [REGFIELDTRIALS].[dbo].[WorkflowQuestion] ([Workflow_ID],[Question_ID],[UpdateUserID]) VALUES (14,229,'JASPAR')
INSERT INTO [REGFIELDTRIALS].[dbo].[WorkflowQuestion] ([Workflow_ID],[Question_ID],[UpdateUserID]) VALUES (14,230,'JASPAR')
INSERT INTO [REGFIELDTRIALS].[dbo].[WorkflowQuestion] ([Workflow_ID],[Question_ID],[UpdateUserID]) VALUES (14,231,'JASPAR')
INSERT INTO [REGFIELDTRIALS].[dbo].[WorkflowQuestion] ([Workflow_ID],[Question_ID],[UpdateUserID]) VALUES (14,232,'JASPAR')
INSERT INTO [REGFIELDTRIALS].[dbo].[WorkflowQuestion] ([Workflow_ID],[Question_ID],[UpdateUserID]) VALUES (14,233,'JASPAR')
INSERT INTO [REGFIELDTRIALS].[dbo].[WorkflowQuestion] ([Workflow_ID],[Question_ID],[UpdateUserID]) VALUES (14,234,'JASPAR')
INSERT INTO [REGFIELDTRIALS].[dbo].[WorkflowQuestion] ([Workflow_ID],[Question_ID],[UpdateUserID]) VALUES (14,235,'JASPAR')
INSERT INTO [REGFIELDTRIALS].[dbo].[WorkflowQuestion] ([Workflow_ID],[Question_ID],[UpdateUserID]) VALUES (14,236,'JASPAR')
INSERT INTO [REGFIELDTRIALS].[dbo].[WorkflowQuestion] ([Workflow_ID],[Question_ID],[UpdateUserID]) VALUES (14,237,'JASPAR')
INSERT INTO [REGFIELDTRIALS].[dbo].[WorkflowQuestion] ([Workflow_ID],[Question_ID],[UpdateUserID]) VALUES (14,238,'JASPAR')
INSERT INTO [REGFIELDTRIALS].[dbo].[WorkflowQuestion] ([Workflow_ID],[Question_ID],[UpdateUserID]) VALUES (14,239,'JASPAR')
INSERT INTO [REGFIELDTRIALS].[dbo].[WorkflowQuestion] ([Workflow_ID],[Question_ID],[UpdateUserID]) VALUES (14,240,'JASPAR')
INSERT INTO [REGFIELDTRIALS].[dbo].[WorkflowQuestion] ([Workflow_ID],[Question_ID],[UpdateUserID]) VALUES (14,241,'JASPAR')
INSERT INTO [REGFIELDTRIALS].[dbo].[WorkflowQuestion] ([Workflow_ID],[Question_ID],[UpdateUserID]) VALUES (14,242,'JASPAR')
INSERT INTO [REGFIELDTRIALS].[dbo].[WorkflowQuestion] ([Workflow_ID],[Question_ID],[UpdateUserID]) VALUES (14,243,'JASPAR')
INSERT INTO [REGFIELDTRIALS].[dbo].[WorkflowQuestion] ([Workflow_ID],[Question_ID],[UpdateUserID]) VALUES (14,244,'JASPAR')
INSERT INTO [REGFIELDTRIALS].[dbo].[WorkflowQuestion] ([Workflow_ID],[Question_ID],[UpdateUserID]) VALUES (14,245,'JASPAR')
INSERT INTO [REGFIELDTRIALS].[dbo].[WorkflowQuestion] ([Workflow_ID],[Question_ID],[UpdateUserID]) VALUES (14,246,'JASPAR')
INSERT INTO [REGFIELDTRIALS].[dbo].[WorkflowQuestion] ([Workflow_ID],[Question_ID],[UpdateUserID]) VALUES (14,247,'JASPAR')
INSERT INTO [REGFIELDTRIALS].[dbo].[WorkflowQuestion] ([Workflow_ID],[Question_ID],[UpdateUserID]) VALUES (14,248,'JASPAR')
INSERT INTO [REGFIELDTRIALS].[dbo].[WorkflowQuestion] ([Workflow_ID],[Question_ID],[UpdateUserID]) VALUES (14,249,'JASPAR')
INSERT INTO [REGFIELDTRIALS].[dbo].[WorkflowQuestion] ([Workflow_ID],[Question_ID],[UpdateUserID]) VALUES (14,250,'JASPAR')
INSERT INTO [REGFIELDTRIALS].[dbo].[WorkflowQuestion] ([Workflow_ID],[Question_ID],[UpdateUserID]) VALUES (14,251,'JASPAR')
INSERT INTO [REGFIELDTRIALS].[dbo].[WorkflowQuestion] ([Workflow_ID],[Question_ID],[UpdateUserID]) VALUES (14,252,'JASPAR')
INSERT INTO [REGFIELDTRIALS].[dbo].[WorkflowQuestion] ([Workflow_ID],[Question_ID],[UpdateUserID]) VALUES (14,253,'JASPAR')
INSERT INTO [REGFIELDTRIALS].[dbo].[WorkflowQuestion] ([Workflow_ID],[Question_ID],[UpdateUserID]) VALUES (14,254,'JASPAR')
INSERT INTO [REGFIELDTRIALS].[dbo].[WorkflowQuestion] ([Workflow_ID],[Question_ID],[UpdateUserID]) VALUES (14,255,'JASPAR')
INSERT INTO [REGFIELDTRIALS].[dbo].[WorkflowQuestion] ([Workflow_ID],[Question_ID],[UpdateUserID]) VALUES (14,256,'JASPAR')
INSERT INTO [REGFIELDTRIALS].[dbo].[WorkflowQuestion] ([Workflow_ID],[Question_ID],[UpdateUserID]) VALUES (14,257,'JASPAR')
INSERT INTO [REGFIELDTRIALS].[dbo].[WorkflowQuestion] ([Workflow_ID],[Question_ID],[UpdateUserID]) VALUES (14,258,'JASPAR')
INSERT INTO [REGFIELDTRIALS].[dbo].[WorkflowQuestion] ([Workflow_ID],[Question_ID],[UpdateUserID]) VALUES (14,259,'JASPAR')
INSERT INTO [REGFIELDTRIALS].[dbo].[WorkflowQuestion] ([Workflow_ID],[Question_ID],[UpdateUserID]) VALUES (14,260,'JASPAR')
commit tran
--insert workflow
--select * from workflow where WorkflowName='Bin Inspections'


-- inserts Response value
UPDATE Question SET IsLookup = 1 WHERE Question_ID IN (173,177,179,181,182,183,184,185,186,191,195,197,199,200,201,202,203,204,209,213,215,217,218,219,220,221,222,227,231,233,235,236,237,238,239,240,245,249,251,253,254,255,256,257,258)

-- inserts LookupMaster
begin tran
INSERT INTO [REGFIELDTRIALS].[dbo].[LookupMaster] ([Lookup_ID],[LookupName],[UpdateUserID]) VALUES (1042,'Steel ','JASPAR')
INSERT INTO [REGFIELDTRIALS].[dbo].[LookupMaster] ([Lookup_ID],[LookupName],[UpdateUserID]) VALUES (1043,'Crib ','JASPAR')
INSERT INTO [REGFIELDTRIALS].[dbo].[LookupMaster] ([Lookup_ID],[LookupName],[UpdateUserID]) VALUES (1044,'Overhead ','JASPAR')
INSERT INTO [REGFIELDTRIALS].[dbo].[LookupMaster] ([Lookup_ID],[LookupName],[UpdateUserID]) VALUES (1045,'Flat','JASPAR')
commit tran